"hgnc_symbol","BF_dn_del","BF_dn_dup","BF_cc_del","BF_cc_dup","BF_in_del","BF_in_dup"
"CFH",1,1,1,1,1,1
"SEMA3F",1,1,1,1,1,1
"CFTR",4.56080307262687,1,1,1,0,1
"CYP51A1",1,1,1,1,1,0.913137915752897
"HS3ST1",1,1,1,1,1,1
"MAD1L1",1,1,1.75354655341764,0.259840115777408,0.435627145611614,1
"TMEM176A",1,1,1,1,2.08865124888504,1
"TFPI",1,1,1,1,1,1
"AK2",1,5.58782120395738,1,1,1,1
"RECQL",1.17869691706857,1,1,1,1,1
"ZMYND10",1,1,1,1,1,1
"ABCB5",1,1,1,1,1,1
"DVL2",1,3.68421045132677,1,1,1,0.733000911557313
"THSD7A",1,1,1,1,1,1
"LIG3",1,1,1,0.694353965756291,1,1
"CREBBP",1,1,1,1,1,1
"CRLF1",1,1,1,1,1,0.361917701134057
"TMEM98",1,1,1,0.390798131792784,1,1
"ABCC8",1,1,1,1,1,0.932873909141663
"USH1C",1,1,1,1,1,0.733176262714688
"IFRD1",1,1,1,1,1,1.00664276752538
"COX10",2.53089810863831,1.58322981124873,0.977676479889842,1,0.604636009008376,0.384472345008813
"GTF2IRD1",1,1,1,1,1,1
"ARHGAP44",1,1,1,1,1,1
"ELAC2",1,1,1,1,1,0.0229761351388393
"DNAH9",1,1,1,1,1,3.4525830604399
"CD79B",1,1,1,1,1,1
"SCN4A",1,1,1,1,1,1
"CACNA2D2",1,1,1,1,1,1
"PIGQ",1,1,0.287128847600776,1.89799068611971,1,1
"FMO3",38.3784888306449,1,1,1,1,1
"PSMB1",1,1,1,1,1,1
"JARID2",1,1,1,1,1,1
"ADAM22",1,1,1,1,1,1
"AASS",1,1,1,1,1.84589376263528,1
"PKD1",1,1,1,1,1,1
"RHOBTB2",1,1,1,1,1,1
"CSDE1",1,1,1,1,1,1
"PAX7",1,1,1,1,1,1
"MLXIPL",1,1,1,1,1,1
"BAZ1B",1,1,1,1,1,1
"HFE",1,1,1,1,1,0
"FYN",1,1,1,1,1,1
"RNF216",1,1,1,1,1,1
"TTC19",1,1.75426585174992,1,1,1,1
"PIK3C2A",1,1,1,1,1,1
"BRCA1",1,1,1,1,1,0.120606351236536
"NR1H4",1,1,1,1,1,1.34558505553543
"MAN2B2",1.8078568620981,2.08588681582335,1,1,0.0379032421317175,1
"SLC7A14",1,1,1,1,1,1
"CLDN11",1,1,1,1,1,1
"NUB1",1,1,1,1,1,1
"PGM3",1.37412785706424,1,1,1,1,1
"ZC3H3",1,1,1,1,1,1
"ZMYND11",1,1,1,1,1,1
"IL20RA",1,1,1,1,1,1
"CLCA4",1,1,1,1,1.26459487973935e-10,0.0300104400961784
"CNTN1",1,1,1,1,1,1
"PHLDB1",1,1,1,1,1,1
"CYP24A1",1,1,1,1,1,5.92377961987063
"ZRANB1",1,1,1,1,1,1
"NCDN",1,1,1,1,1,1
"SAMD4A",1,1,1,1,1,1
"SLC7A9",1,1,1,1,1,1
"SPAST",1,1,1,1,1,1
"NRXN3",1,1,1,1,1,1
"CPS1",1,1,1,1,1,1
"RB1CC1",1,1,1,1,1,1
"ABCC2",1,1,1,1,1,2.1354063932321e-12
"TYMP",275306001328095,1,1,1,0.274410129298925,0.229731376260551
"NCAPH2",1,1,1,1,1,1
"VIM",1,1,1,1,1,1
"FAS",1,1,1,1,1,1
"PRKCH",1,1,1,1,1,1
"IFNGR1",1,1,0.0844848598407538,1,0.313148448500198,1
"BRD9",1,1,1,1,1,1
"ANK1",1,1,1,1,1,1
"MUSK",1,1,1,1,1.63612678430377,1
"IKZF2",1,1,1,1,1,1
"CHPF2",3.22861804826421,1,1,1,1,1
"ATP6V0A1",1,1,1,1,1,1
"PEX3",1,1,1,1,1,1
"GABARAPL2",1,1,1,1,1,5.92377961987063
"MYOC",1,1,1,1,1,14.2337112177102
"STAP1",2.05697560283091,1,1,1,1,0.18783398228679
"USP2",1,1,1,1,1,1
"NSUN2",1,1,1,1,1,1
"AGA",1,1,1,1,1,0.156025304209305
"TLL1",1,1,1,1,1,1
"TRIO",1,1,1,1,1,1
"CDH1",1,1,1,1,1,1
"DNAH5",3.17385158911343,1,1,1,1,0.684093600171205
"CTNS",1,1,1,1,0.00996751154149563,1
"RTN4R",1,1,1,1,1,1
"USH2A",1,1,1.91920138818836,1,0.453340156668848,1
"TG",1,1,1,1,0.208067187589789,1
"ADAM28",1,1,1,1,1,1
"TRIT1",1,1,0.0657682187433086,1,0.0667395686572527,2.43265872912941e-05
"PREX2",1,1,1,1,0.667329374388708,1
"WDR37",1,1,1,1,1,1
"KATNIP",1,1.34545612917404,1,1,1,0.363532731108326
"DTNBP1",1,1,1,1,1,1
"HDAC9",1,1,1,1,1,1
"TSPAN17",1,1,1,1,1,0.402930835753603
"RRM2B",1,1,1,1,1,0.678763309709599
"SNX29",1,1,1,1,0.510564899683333,0.38048271673934
"CELF2",1,1,1,1,1,1
"ERCC8",1,1,1,1,0,0
"ADAMTS6",1,1,1,1,1,1
"H6PD",1,1,1,1,1,0.155577175434197
"LTBP1",1,1,1,1,1,1
"ELN",1,109776035.937348,1.94608790343885,1,1,0.421651034816441
"RFC2",1,173995421.858734,1,1,2.16950920973622,0.252667303369677
"ARID1B",1,1,1,1,1,1
"NEDD4L",1,1,1,1,1,1
"HEXB",1,1,1,1,2.05613782852305,1
"LAMC3",3.9126192031721,1,0.372499394815432,1,1,1
"RAD51",1,1,1,1,1.54202482751478,1
"PIK3CB",1,1,1,1,1,1
"CYBA",1,4.36419915709315,0,0,0,1
"ALX4",1,1,1,1,1,1
"METTL24",1,1,1,1,1,2.46535597414205
"LAMA3",1,1,0.914303052111744,1,0.92171850643507,1
"ENTPD2",1,1,0,1,1,1
"OPN3",1,5.19228521942222,1,1,1,0.720324467078866
"SDCCAG8",1,1,1,1,1,1
"HHAT",1,1,3.52532296464455,1,0.101590936317647,1
"KIF1B",1,1,1,1,1,1
"ATP9A",1,1,1,1,1,1
"GALC",1,1,1,1,4.46177501379198,1
"KCNH2",1,1,1,1,1,1
"CUL1",1,1,1,1,1,1
"KMT2C",1,1,1,1,1,1
"ZFR",1,1,1,1,1,1
"MSH4",1,1,0.00216926597588534,0.0251960584465859,0.0101890609799476,0.0123540146848949
"USP13",1,1.93987068253015,1,1,1,1
"PPP1R12A",1,1,1,1,1,1
"CAMK2B",1,1,1,1,1,1
"CROCC",1,3.12560959705629,1,1,1,1
"DGKG",1,4.54976197434271,1,1,1,1
"TBXAS1",1,1,1,1,0,2.46535597414205
"ALDH18A1",1,1,1,1,1,1
"CTDP1",1,1,1,1,1,1
"OGFR",1,48.3746224329919,1,1,1,1
"COL11A1",1,1,1,1,1,1
"BCAT1",1,1,1,1,1,3.9618019478626
"LZTS1",1,1,1,1,1,1
"CDH3",1,1,1,1,1,0.448907374236121
"DGAT2",1,1,1,1,1,0
"WAPL",1,1,1,1,1,1
"BICRA",1,1,1,1,1,1
"U2AF2",1,1,1,1,1,1
"EPN1",1,1,1,1,1,1
"AHRR",2.53089810863831,1,0.494311672101149,1,1,2.46919579850088
"TM7SF3",2.98351902570435,1,1,1,1,1
"TAF2",1,1,1,1,1,1
"ABCA7",1,1,1,1,0.0462079788667287,0.280619175333233
"PMS1",1,1,1,1,0.150724154484692,1
"AP3D1",1,1,1,1,1,1
"BLTP3A",1,1,1,1,1,0.747787082876607
"OAT",1,6.0434621252385,1,1,1,1
"ERBB3",1,1,1,1,1,0.697268709514013
"SPEN",1,1,1,1,1,1
"SNAP91",1,1,1,1,1,1
"PRKCQ",1,1,1,1,1,1
"ME1",1,1,1,1,1,1
"CDK13",1,1,1,1,1,1
"ELAVL1",1,1,1,1,1,1
"TIE1",1,1,1,1,1,0.399081413527298
"SMARCD1",1,1,1,1,1,1
"SLC9A3",1,1,1,1,1,1
"EML1",1,1,1,1,1,1
"THUMPD1",1,1,1,1,1,1
"ZFAT",1,1,1,1,1,1
"MYO9A",1,1,1,1,1,1
"PFKP",1,1,1,2.3673626497902,0.0025629465409066,0.898382773737372
"NEO1",1,1,1,1,1,1
"RHOA",1,1,1,1,1,1.97013445164179
"PRKCZ",1,1,1,1,1,1
"NAV3",1,1,1,1,1,1
"HYAL2",1,1,1,1,1,1
"HDAC4",1,1,1,1,1,1
"FGFR3",1,2.82278559973841,0.448859181878923,1.29538316339903,1,0.795900084346152
"COASY",1,1,1,1,1,1
"INPP5A",1,1,1,1,1,1
"REEP1",1,1,1,1,1,1
"ATP11A",1,1,1,1,1,1
"POLR1A",1,1,1,1,1,1
"KIF2A",1,1,1,1,1,1
"IFT80",1,5.32385108164771,1,1,0.385287761547681,1
"ABCC9",1,1,1,1,1,1
"RORA",1,1,1,1,1,1
"TGFBR3",1,1,1,1,1,1
"PIGB",1,1,1,1,11.8470888798902,1
"RAB27A",1,1,1,1,14.1478887679387,0
"UFD1",1,1,1,1,1,1
"SLC44A1",1,1,1,1,1,1
"CLTCL1",7254582749843375104,1965772436.95809,1,0.057633416176496,1,0.00716082391381475
"FGF22",1,1,1,1,1,2.46535597414205
"DGCR2",1542929645876234496,603754.647172207,1,0.155050600219285,0.317690476358091,0.0609225158597397
"WIPI1",1,1,1,1,1,1
"GBA2",1,1,1,1,2.10186762056626,1
"CNGB1",1,1,1,1,1,1
"CHAT",1,1,1,1,0.319054003709884,0.29384892043537
"CFAP20",1,1,1,1,1,1
"CDC42",1,1,1,1,1,1
"SLC12A3",1,1.13693553043004,1,1,1,1
"RAD18",1,1,1,1,1,1
"WDR1",1,1,1,1,1,1
"SNX13",1,1,1,1,1,1
"ING3",1,1,1,1,1,1
"LMCD1",1.28416331666047,1,1,1,1,0.784124121381907
"BUD23",1,239040960.713123,1,1,1,0.627860846231414
"TRIP13",1,1,1,1,1,1
"CPSF1",1,1,1,1,1,1
"MYO3B",1,1,1,1,1,0.2300200901508
"CDH19",1,1,1,0.0625290715803987,0.112435557992296,0.000193186514638033
"RDH11",1,1,1,1,1,0
"ZFYVE26",1,1,1,1.29215952031517,1,0.798151729877946
"LIMS2",1,1,1,1,1,0.162830512469045
"ALDH3A2",5.56350029652613,6.25778605447265,1,1,1,1
"TFRC",1,1,1,1,1,1
"SREBF1",1,1,1,1,1,1
"PALS1",1,1,1,1,1,1
"P4HA2",1,1,1,1,1.5641086694957,1
"TRNT1",1,1,1,0.406796357092568,1,1
"ACADVL",1,4.08234204669849,1,1,1,0.147985306071894
"EVC",3.72185206742197,4.01732289558487,1,1,8.90768438506611e-05,0.0102983987258942
"NDE1",16227.1131555267,598.486293218544,1,0.315075114182326,0.00106125361320868,0.00445770660535583
"XRCC1",1,1,1,1,1.71329857794802,1
"TP63",1,1,1,1,1,1
"PDE8A",1,1,1,1,1,1
"SDHA",6.8243847807001,1,0.347999374404102,1,1,0.191099201291883
"KDM5A",1,1,1,1,1,1
"ABCB11",1,1,1,1,1,0.756265289646259
"NSF",1,1,1,1,0.675025975475756,1
"GLI2",1,1,1,1,1,1
"MRPS34",5.21833314440222,5.33703577736471,1,1,1,1
"NOTCH3",1,1,1,1,1,1
"EED",1,1,1,1,1,1
"SNCB",1,1,1,1,1,0.522032756920588
"ZNF532",1,1,1,1,1,1
"LMAN1",1,1,1,1,1,1
"KCNQ2",1,1,1,1,1,1
"ACAT1",1,1,1,1,1,1
"RASAL2",1,1,1,1,1,1
"ACTB",1,1,1,1,1,1
"MOCOS",1,1,1,1,1,5.5567019232581e-07
"DLG1",1,1,1,1,1,1
"RBMS2",1,1,1,1,1,0.456521870881051
"RGS11",1.70593218783263,1.97515161071788,1,1,1,1
"SLC46A1",1,1,1,0.556353964581116,1,1
"CTTNBP2",2.78439993819893,1,1,1,1,1
"RARB",1,1,1,1,1,1
"UBE2T",1,1,1,1,0,1
"ACTN2",1,1,1,1,1,1
"FKBP6",4.61946738326753,1,1,1,1,0.173815673003232
"FBLN1",1,1,1,1,1,1
"ITGA8",1,1,0.601875187947233,1,1,1.41050608807183
"MCCC1",1,1.66517694895482,1,1,1,1
"NEBL",1,1,1,1,1,2.40358832410515
"UBE2K",1,1,1,1,1,1
"RBFOX1",1,1,1,1,1,1
"GNB1",1,1,1,1,1,1
"EDN1",1,1,1,1,1,1
"FGF20",1,1,1,1,1,1
"ITCH",1,1,1,1,1,1
"MYH7B",1,1.00639270928131,1,1,1,1
"RUNX1T1",1,1,1,1,1,1
"THOC1",1,1,1,1,1,1
"SLC1A3",1,1,1,1,1,1
"CDC14A",5.7153068789916,1,1,1,1,1
"LIPE",1,5.24484135994113,0.463901710139416,1,1.92866614645421,1
"KIF22",7.79982917434203e+37,5.4555535021857e+24,1.90766662575735,0.44660884547484,0.0464124367819945,0.000199535136816411
"DNM2",1,1,1,1,1,1
"MOXD1",1,1,0,1,0,1
"DCT",1,1,1,1,1,1
"EPHA6",1,1,1,1,1,1
"RFX3",1,1,1,1,1,1
"SLC4A4",1,1,1,1,1,1
"SMARCA2",1,1,1,1,1,1
"KCNN2",1,1,1,1,1,1
"CPOX",1,1,1,1,1,1
"MOK",1,1,1,1,2.45049106041551,1
"IGSF9B",1,1,1,1,1,1
"AP4E1",1,1,1,1,1,1
"CDH7",1,1,1,1,1,1
"IMPG2",1,1,1,1,0.537506204379509,1
"MEF2C",1,1,0.666248469396255,0.785686377891104,1,1
"CACNA1S",1,1,1,1,1,1
"CADPS2",1,1,1,1,1,1
"ATP8B1",1,1,1,1,1,1
"COBLL1",1,1,1,1,1,1
"RNF13",1,1,0.291149149922764,1,1,1
"TRPM3",1,1,1,1,1,1
"PALB2",1,2.36052436910134,0.346539366005935,1,1,1
"BCKDHB",1,1,0.141295809974802,1,1,1
"KAT6A",1,1,1,1,1,1
"ULK2",1,1,1,1,1,1
"PLOD1",1,1,1,1,1,0.374942456017337
"ZNF264",1,1,1,1,0.383006282207832,1
"PPIE",1,1,1,1,1,1
"STARD7",1,1,1,1,1,1
"SLCO1A2",1.77303032104937,1,1,1,0,1
"NKAIN1",1,3.30522618447241,1,1,1,1
"AGBL5",1,4.42561595137972,1,1,1,1
"RAB10",1,1,1,1,1,1
"HADHA",1,1,1,1,1,1
"MECOM",1,1,1,1,1,1
"HACE1",1,1,1,1,1,1
"SLC25A24",1,1,2.35527126594381,1,1,1
"RRN3",2.53089810863831,2.82278559973841,1,0.404676139940223,0.0128606829923909,0.0107255801302396
"DDHD2",1,1,1,1,0.04856398032964,1
"EPS15",1,1,1,1,1,1
"USP40",1,1,1,1,0.26241074356369,1
"MAST2",1,1,1,1,1,1.49333048387369
"B4GALT1",1,1,1,1,1,0.41677311927732
"NME8",1,1,1,1,1,0
"SNX10",1,1,1,1,0,0
"CEACAM6",1,1,1,1,1,0
"ALG9",1,1.89404725075625,1,1,1,1
"ACOX3",1,1,1,1,0.22543099543294,1
"PIGS",1,1,1,0.572721071039004,1,1
"ADAMTS2",1,1,1,1,1,1
"MMP2",1,1,1,1,1,1
"LPCAT2",1,1,0.172808784750143,1,1,1
"GNAO1",1,1,1,1,1,1
"SH3BP2",1,2.82278559973841,1,1,1,9.80728952052371e-05
"GNAS",1,1,1,1,1,1
"DNM1L",1,1,1,1,1,1
"SULT2B1",1,1,1,1,1,1
"ALG6",1.50944703869924,1,1,1,1,1
"GNA11",1,1,1,1,1,1
"DNMT3B",1,1,1,1,1,1
"EPB41L1",1,1,1,1,1,1
"COQ9",1,1,1,1,1,1
"ARHGAP28",25.4355743521426,1.58322981124873,1,1,0.355988305762738,1.81884586229666
"SLC4A11",1.3418825735756,1,1,1,1,1
"DNAAF9",1,1,1,1,1,1
"MAPKAPK5",1,1,1,1,1,1
"DZANK1",1,1,1,1,1,2.03393173169939e-05
"SLC9A1",1,1,1,1,1,1
"SPTLC1",1,3.01982127711827,1,1,1,1
"YPEL3",7.00471272316525e+38,1.18355876641645e+25,2.38523161577374,0.0271762066288721,8.67153330188554e-06,9.12236321427448e-19
"LYZ",1,1,1,1,0,1
"P3H2",1,12.1900315812983,0.0470110578173624,1,0.000939914426845979,1
"THPO",1,1,1,1,1,1
"CHRD",1,1,1,1,1,1
"GNPTG",4.19279122123905,42.1348722462814,1,1,1,1
"GLG1",1,1,1,1,1,1
"TNRC6A",1,1,1,1,1,1
"OSBPL8",1,1,1,1,1,1
"NRCAM",1,1,1,1,1,1
"ABCC6",15245.0823778204,559.263554651575,1,0.00210696581576668,3.33114032074228e-13,1.31788113619556e-14
"MAP3K20",3.6354805087145,1,1,1,1,1
"FH",1,1,1,1,1,1
"NLRP1",1,1,0.379300723312953,1,1,1
"PITPNM3",1,1,1,1,1,1
"SLC17A6",1,1,1,1,1,1
"CPA1",1,2.24567938625827,1,1,1,1
"PPP2R3C",1.13995453711502,1,1,1,1,0.386075798338924
"MYH7",1,1,1,1,1,1
"OSGEP",1,1,1,1,0.0791392966243391,1
"G2E3",1,1,1,1,1,1
"RPGRIP1",1,1,0.204960500531024,1,1,1
"SUPT16H",1,1,1,1,1,1
"TGM1",1,1,1,1,1,1
"TINF2",1,1,1,1,1,1
"CAPN3",1,1,1,1,0.09210252011934,1
"TBX15",1,1,1,1,1,1
"PHGDH",1,2.48241169752713,1,1,1,1
"COL9A3",1,5.14150599111225,1,1,1,1
"UNC13D",1.75029164316076,1,1,1,1,1
"NUP50",1,1,1,1,1,1
"CDC45",1,1,1,1,1,1
"COMT",1512328280863585792,288327919.416925,1,0,1,0
"ADA2",1,1,1,1,0.210618634852619,0.121998151965893
"OR1I1",1,25.8531398050805,1,1,0,0
"MSH2",1,1,1,1,1,1
"MAP3K1",1,1,1,1,1,1
"ARCN1",1,1,1,1,1,1
"NUP188",1,1,1,1,1,1
"WHRN",1,1,1,1,0.942969936339706,1
"MYO3A",1,1,1,1,1,0.121231335908187
"IFT74",1,1,0.0201588489843385,1,0.323147277435071,1
"JAK2",1,1,1,1,1,1
"ACOT7",1,1,1,1,1,1
"PCSK5",1,1,1,1,1,1
"ABLIM1",1,1,1,1,1,1
"SETD1A",1,1,1,1,1,1
"BCL7C",1,1,1,1,1,3.46618819571883
"IGFALS",1,1.5597671737429,1,1,0,1
"TIMM13",1.61132895443636,1,1,1,1,1
"MTAP",1,1,0,1,1,1
"POLRMT",1,1,1,1,1,2.02258830954858
"ARVCF",1213250828729389568,211727522.438238,1,0.240457949988629,0.401132157920939,0.244036409864005
"SNAP29",28222348854699.1,5669190.2571864,1,0.185314640613985,1,0.0485522292133836
"CRKL",30060743144519.8,6416886.88241029,1,0.556769549673184,1,0.428739774673721
"LZTR1",34631504777780.3,8390091.35103175,1,0,1,0
"MMP11",1,2.82278559973841,1.88652076823199,1,1,0.00818630767743626
"SMARCB1",1,1,1,1,1,1
"DERL3",1,2.90793045196956,2.41415512565244,1,1,0
"DDT",1,2.82278559973841,2.41415512565244,1,1,0
"CABIN1",1,1,1,1,1,1
"SUSD2",1,9.28800905527637,2.33304027547083,1,1,2.49822518080034e-09
"SPECC1L",1,1,1,1,1,1
"MAPK1",1,1,1,1,1,1
"GGT1",1,1,1,1,1,0.38577000098514
"PRODH",1,1,1,0.00697353719156335,1,0.00713316781354719
"ESS2",1419793143004205824,264260466.8423,1,0.0756163830158585,1,0.013131766269264
"SLC25A1",2105168513881903872,448239950.874944,1,0.542123212509883,1,0.561037412023578
"HIRA",1,1,1,1,1,1
"POLR2F",1,1.0341988810605,1,1,1,1
"SOX10",1,1,1,1,1,1
"CCDC134",1,1,1,1,14.1478887679387,1
"DEPDC5",1,1,1,1,1,1
"PICK1",1,3.46093004639354,1,1,1,2.00635752278474
"SLC16A8",1,1.2601918642726,1,1,1,2.46535597414205
"CBY1",1,1,1,1,1,1
"PPP6R2",1,1,1,1,1,1
"SBF1",1,1,1,1,1,1
"SUN2",1,4.20667579418825,1,1,1,1
"CYB5R3",1,1,1,1,1,0.802547912289338
"MIOX",14627630657907,1,1,1,0,0
"CHKB",15845495098951.3,1,1,1,0.0448309210018475,0.229731376260551
"MCAT",1,1,1,1,1,0.0202057214466233
"APOBEC3H",1,1,1,1,1,0.193519802143115
"ARSA",16959886092719.4,1,1,1,0,0
"TAB1",1,1,1,1,1,0.102482008722832
"APOL4",1,1,1,1,1,0
"APOL1",1,1,1,1,1,0
"PNPLA3",2.53089810863831,1,1,1,1,28.359977113785
"MYH9",1,1,1,1,1,1
"CACNA1I",1,1,1,1,1,1
"TXN2",1,1,1,1,1,0
"TNRC6B",1,1,1,1,1,1
"FAM118A",2.53089810863831,1,1,1,1,1
"EP300",1,1,1,1,1,1
"TRMU",2.80354825258722,1,1,1,1,1
"MLC1",4240304612962.82,1,1,1,0.015096097145348,0.000398048152093484
"COCH",1,6.01780044981126,1,1,1,1
"AP4S1",1,1,1,1,1,1
"TRIM9",1,1,1,1,1,1
"ALKBH1",1,1,1,1,1,2.20388383097822
"TELO2",1,3.34621874795078,0.256611897455794,1,1,1
"YY1",1,1,1,1,1,1
"APEX1",1,1,1,1,1,1
"SRP54",1,1,1,1,1,1
"CHD8",1,1,1,1,1,1
"NFATC4",1,1,1,1,1,1
"GSS",1,5.61418308455299,1,1,1,1
"NINL",1,1,2.31441384801008,1,2.34756902449448,0.0087962351542231
"CD40",1,1,1,1,1,1
"MYBL2",1,1,1,1,1,1
"NFATC2",1,1,1,1,1,1
"BMP7",1,1,1,1,1,1
"DNAJC5",1,1,1,1,1,1
"PRPF6",1,1,1,1,1,1
"TUBB1",1,16.9000060160381,1,1,1,1
"TCFL5",1,1,1,1,1,1
"DIDO1",1,1,1,1,1,1
"AVP",1.30301575325166,1,1,1,1,1
"COL20A1",1,2.82278559973841,1,1,1,2.46535597414205
"CHRNA4",1,2.82278559973841,1,1,1,1
"EEF1A2",1,1,1,1,1,1
"PTK6",1,55.1388841767208,1,1,2.45049106041551,1
"RNF24",1,1,1,1,1,1
"PROKR2",1,1,1,1,1,0
"SNPH",1,1,1,1,1,1
"MYLK2",1,1,1,1,1,1
"SEC23B",1,1,1,1,0.0071025216094717,0.127077400020061
"MYL9",1,2.39033352655546,1,1,1,1
"POFUT1",1,1,1,1,1,1
"SAMHD1",1,3.47150101631034,1,1,1,1
"KIF3B",1,1,1,1,1,1
"SNTA1",1,1,1,1,1,1
"CHMP4B",1,1,1,1,1,1
"CST3",1,1,1,1,1,0
"AHCY",1,1.65090540150205,1,1,1,1
"PIGU",1,1,1,1,1,1
"CELF4",1,1,1,1,1,1
"ZNF516",1,1,1,1,1,1
"CDH20",1,1,1,1,1,1
"METTL4",89.8387007360285,1,1,1,1,0.288354102954607
"LPIN2",1,1,1,1,1,1
"SMCHD1",1,1,1,1,1,1
"CEP192",3.8127936776079,1,1,1,1,0.798151729877946
"LAMA1",25.4355743521426,1.58322981124873,1,1,1,1.33343592298681
"RNF125",1,1,1,1,1,0
"POLI",1,1,1,0.320568395704587,1,0.104530029391963
"SGCG",1,1,1,1,0.0300874649010183,0.00344284933859149
"SLC25A15",1,1,0,1,1,1
"KPNA3",1,1,1,1,1,1
"MSLN",1,2.90205815566272,1,1,0,0
"ZNF629",1,1,1,1,1,1
"CORO1A",1,1,1,1,1,1
"MAPK3",3.68130849123247e+39,2.87111334452041e+25,1.48259550592399,0.778714508010717,0.287666620192326,0.0855963201899002
"PHKB",1,1,1,1,0.947610994150759,1
"ARL2BP",1,1,2.41415512565244,1,1,1
"DHODH",1,1,1,1,1,1
"CTCF",1,1,1,1,1,1
"USB1",1,2.17064819685566,1,1,1,1
"VAC14",1,1,1,1,1,1
"COG4",1,1,1,1,1,0.430345394229904
"FA2H",1,1,1,1,1,1
"AXIN1",1,1,1,1,1,1
"NPRL3",1,1,1,1,1,1
"TAF1C",1,1,1,1,1,1
"COTL1",1,1,1,1,1,1
"TSC2",1,1,1,1,1,1
"ABCC1",1,1,1,1,1,1
"CLCN7",1,1,1,1,1,1
"STUB1",2.03631463843506,15.7461401978486,0.582609544126197,1.42673880217284,1,1
"ZP2",3.64771635946463,1,1,1,1,1
"CRYM",1,1,1,1,1,1
"CAPN15",1,1,1,1,1,1
"PIEZO1",1,1,1,1,1,1
"EARS2",1,1,1,1,1,1
"AQP8",1,1.04135818029428,1,1,1,1
"CPPED1",1,1,2.41415512565244,1,1,1
"USP31",1,1,1,1,1,1
"BFAR",1,1,1,1,0.00529217990501401,1
"XYLT1",1,1,1,1,1,1
"RPGRIP1L",1,1,1,1,1,1
"CDIPT",7.79982917434203e+37,5.4555535021857e+24,1.79861199317062,0.535243424160743,0.0832373141630556,0.00151470180711388
"VPS35L",1,1,1,1,1,1
"SLC6A2",1,1,1,1,1,1
"IQCH",1,1,1,1,2.17303936315495,1
"HERC1",1,1,1,1,1,1
"TRIP4",4.26175427503888,1,1,1,1,1
"CD276",25.4355743521426,1,1,1,1,1
"TMEM87A",1,1,1,1,1,1
"OCA2",5.15205232126539,6.13020605669157e+68,4.69182328917296,0.08422776936012,1.93854964823446,2.23316277867015e-05
"TGM5",1,1,1,1,1,1
"DNAJC17",1,1,1,1,1,0.982531510741924
"SPG11",2.34197406630338,1,1,1,1,1
"BLOC1S6",1,1,0,1,0,2.46535597414205
"CSPP1",1,1,1,1,1,0.202443369875535
"ZDHHC2",1,1,1,1,1,1
"ZFAND1",1,1,1,1,0,1
"CA2",1,1,1,1,1,0
"DECR1",1,1,1,1,1,1
"CALB1",1,1,1,1,1,1
"SFRP1",1,1,1,1,1,1
"IKBKB",1,1,1,1,1,1
"STK3",1,1,1,1,1.96817548041193,1
"NDRG1",1,1,1,1,1,1
"CHRAC1",1,1.01322141003198,1,1,1,2.46535597414205
"SNX16",1,1,1,1,0,1
"GSDMD",1,87.2481910403493,1,1,1,1
"GFUS",1,2.82278559973841,1,1,1,1
"EEF1D",1,2.82278559973841,1,1,1,1
"SH2D4A",1,3.64380919341965,1,1,1,2.46535597414205
"ERI1",1,5.6010046541609,1,1,1,1
"SLC39A14",1,1,1,1,1,1
"TUSC3",1,1.95741192377046,1,1,0.0050869855949383,1.25918593815682
"ARHGEF10",9953.65349723582,1,1,1,0.0335044164938486,0.522032756920588
"MCM4",1,1,1,1,1,1
"ASAH1",1,1,1,1,1,1
"BNIP3L",1,1,1,1,1,1
"MAN2B1",1,1,1,1,2.15164879085958,1
"TULP2",1,1,1,1,4.47241967473546e-05,1
"GYS1",1,1,1,1,1,1
"PPP1R13L",1,1,1,1,1,1
"ERCC2",1,1,1,2.26648920775239,1,0.0602838351139972
"SLC17A7",1,1,1,1,1,1
"AMH",2.48366721691854,1,1,1,1,1
"TNNT1",1,25.8531398050805,1,1,1,1
"GPI",1,1,1,1,1,1
"DENND3",1,1.46713799047123,1,1,1,1
"CRX",1,1,1,1,0.679387000067471,1
"MEGF8",1,1,1,1,1,1
"GRIN2D",1,1,1,1,1,1
"JAK3",1,1,1,1,1,1
"PIK3R2",1,1,1,1,1,1
"RAB3A",1,1,1,1,1,1
"ERF",1,1,1,1,1,1
"ZNF85",1,1,1,1,0,1
"ETHE1",1,1,1,1,1,1
"RUNDC3B",1,1,0.643822390706102,1,0.973497802392861,1
"CFAP69",1,1,1,1,1,1.33133523492181
"SP4",1,1,1,1,1,1
"PTN",1,1,1,1,1,1
"GSDME",2.64345644976948,1,1,1,1,1
"ATP6V0A4",1,1,1,1,2.21594818726372,1
"NPVF",1,1,1,1,1,0
"CAV1",1,1,1,1,1,0
"MET",1,1,1,1,1,1
"CHN2",1,1,1,1,1,0.768188685946276
"STX1A",1,1,1,1,1,1
"HSPB1",25.4355743521426,1,1,1,1,1
"PTPRZ1",1,1,1,1,1,1
"AIMP2",1,1,1,1,1,0.0184744542370964
"PAX4",1,1,1,1,0.3040844346968,1
"PLOD3",1,1,1,0.847887455430406,1,1.73350534389434
"TMEM106B",1,1,1,1,0.988191900380268,0.496590856572913
"EZH2",1,1,1,1,1,1
"CEP41",1,5.73246648722054,1,1,1,1
"ZNF862",1,1,1,1,1,0.173354243380525
"MEST",1,1,1,1,1,1
"ACTR3C",1,1,1,1,1,0
"RARRES2",1,1,1,1,1,1
"AHR",1,1,1,1,1,1
"GLI3",1,1,1,1,1,1
"COA1",1,1,1,1,1,1
"PRKAG2",1,1,1,1,1,1
"AEBP1",4.04412519727951,1,1,1,1,1
"GCK",1,1,1,1,1,1
"BCL7B",2.13501862802647,1271040483.57849,1,1,1,0.65847143873336
"TBL2",1.361913360055,529280058.610222,1,1,1,0.442513209111313
"GALNTL5",1,1,2.41415512565244,1,1,0
"CLIP2",1,1,1,1,1,1
"EIF4H",1,1,1,1,1,1
"LIMK1",1,1,1,1,1,1
"CORO2A",1,1,1,1,1,0.215225930514758
"TGFBR1",1,1,1,1,1,1
"TLE4",1,1,1,1,1,1
"AMBP",1,1,1,1,1,0
"ENG",1,1,1,1,1,1
"RIC1",1,1,1,1,1,1
"DOCK8",1,1,1,1,1,1
"ELAVL2",1,1,1,1,1,1
"TYRP1",1,1,2.41415512565244,1,14.1478887679387,2.46535597414205
"LHX3",1,1,1,1,1,0.378723659518083
"GLIS3",1,1,1,1,0.64701506593323,0.370045325494386
"SH3GL2",1,1,1,1,1,0.24431562202754
"UBE2R2",1,1,1,1,1,1
"ZFAND5",1,1,1,1,1,1
"DVL1",1,1,0.516304010581847,5.44196610317646,0.520891759195396,0.394614501406049
"GATA3",1,1,1,1,1,1
"HPS1",1,1,1,1,1.62537183714446,1
"CUBN",2.02972352479846,1,1,1,1,1
"MICU1",1,1,1,1,2.45049106041551,1
"BMPR1A",1,1,1,1,1,1
"MINPP1",2.89231908944899,1,1,1,1,1
"ACTA2",1,1,1,1,1,1
"LIPA",2.80373302486421,1,1,1,1,1
"CPEB3",1,1,1,1,1,1
"ACBD5",1,1,1,1,1,1
"EDRF1",1,1,1,1,1,1
"MTPAP",1,1,1,1,1,1
"PITRM1",1,1,1,1.97399755352011,1.04515275930006,0.618447486327714
"MAP3K8",1,1,1,1,1,1
"DKK1",1,1,1,1,1,0.96962257203055
"EBF3",1,1,1,1,1,1
"UBE2S",1,3377.52555072054,1,1,0.638031391089771,1
"TSPAN14",1,1,1,1,1,1
"LGI1",1,1,1,1,1,1
"CRYBA1",1,1,1,0.210877942522988,1,1
"ASPA",1,1,1,1,0.151245674758261,1
"TRIM37",1,1,1,1,0.603592501952759,1
"RECQL5",3.99110640732777,1,1,1,1,1
"PIGL",1,1,1,1,1,0
"GALK1",1,1,1,1,1,1
"MED13",1,1,1,1,1,1
"RAI1",1,1,1,1,1,1
"CCDC47",1,1,1,1,1,0.231520568920752
"B9D1",2.53089810863831,2.82278559973841,1,1,1,1
"ASIC2",1,1,1,1,1,1
"CCL1",1,1,1,0,1,0
"NAGLU",1,3.16483164203737,1,1,1,1
"MLX",1,1,1,1,1,1
"CNTNAP1",1,1,1,1,1,1
"ALOX12",1,2.87350295335733,1,1,1,0.162808516869961
"PRKAR1A",1,1,1,1,1,1
"FAM20A",1,1.49578062503347,1,1,1,1
"YWHAE",1,1,1,1,1,1
"DPH1",1,1,0,0,0,0
"RCVRN",1,1,1,1,1,0
"MYH1",1,1,1,1,1,0.000187641495287711
"PMP22",1,1,1,1,1,1
"FOXN1",1,1,1,1,1,1
"UNC119",1,1,1,0,1,1
"ALDOC",1,1,1,0.793722922430105,1,1
"GNRHR",2.42424631852319,1,1,1,1,0.607872060217104
"MAPK10",1,1,1,1,1,1
"INPP4B",1,1,1,1,1,1
"GAB1",1,1,1,1,1,1
"ANXA10",1,1,0,1,0,1
"FRG1",1,1,1,0,0,0
"SEPSECS",1,1,1,1,1,1
"SLC2A9",3.86098756808356,1,1,1,1,1
"FBXW7",1,1,1,1,1,1
"NSD2",1,1,1,1,1,1
"RAPGEF2",1,1,1,1,1,1
"UFSP2",1,1,1,1.72804540019165,1,1
"UGDH",1,1,1,1,1,0.600490665788769
"PPARGC1A",1,1,1,1,1,1
"CRYAB",1,1,1,1,1,1
"ZBTB16",1,1,1,1,1,1
"ELP4",1,1,2.22457941169432,1,0.0894405079143515,1
"ZPR1",1,1,1,1,1,1
"B3GAT1",1,1,1,1,1,1.0427907152175
"P2RX3",4.82897117647311,1,1,1,1,1
"CPT1A",1,1,1.55919543227516,1,1,1
"CEP164",1,1,1,1,1,1
"DDX6",1,1,1,1,1,1
"CBL",1,1,1,1,1,1
"NECTIN1",1,1,1,1,1,1
"KIAA1549L",1,1,1,1,1,1
"MDK",1,1,1,1,1,1
"AMBRA1",1,1,1,1,1,1
"NDUFS8",1,1,1,1,1,0.23809849143481
"TCIRG1",1,1,1.93649246946407,1,1,1
"PPFIBP1",1,1,1,1,1,1.58377593525196
"ASIC1",1,1,1,1,1,1
"TSPAN11",1,1,1,1,1,0
"SYT10",1,1,1,1,1,0.427862737078521
"RSRC2",1,1,1,1,1,1
"CYP27B1",4.59006798264647,1,1,1,1,1
"ACSS3",1,1,1,1,0.223616016774949,1
"GLI1",1.77877439946353,1,2.04651236862787,1,1,1
"EIF2B1",1,1,1,1,2.16773884525084,0.254195746068414
"GNPTAB",1,1,1,1,1,0.247126226100564
"NT5DC3",1,1,1,1,3.35478695624289,1
"AICDA",1,1,1,1,14.1478887679387,1
"COX6A1",1,1,1,0,1,0
"GCNT2",1,1,1,1,8.00266808922838e-11,1
"CEP85L",1,1,1,1,1,0.263306844200375
"RIPOR2",1,1,1,1,1,1
"TULP1",1,1,1,1,1,0.812645556548523
"PHACTR1",1,5.24484135994113,1,1,1,1
"MDGA1",1,1,1,1,1,1
"CAP2",1,1,1,1,1,1
"FHL5",2.53089810863831,1,1,1,1,0
"GPR63",2.53089810863831,1,1,1,1,0.676085326653648
"FBXL4",82.7572531375029,1,1,1,1,1
"SIM1",1,1,1,1,1,1
"ASCC3",1,1,1,1,1,1
"WASF1",1,1,1,1,1,1
"ALDH5A1",1,1,1,1,1,0.0974615634289053
"GMNN",1,1,1,1,1,1
"EYA4",1,1,1,1,1,1
"PEX7",1,1,1,1,1,1
"PERP",1,1,1,1,1,1
"PACRG",1,1,1,1,1,0
"TBP",4.93524834703659,1.03896235587259,1,1,1,1.10774034744784
"PPP2R5D",1,1,1,1,1,1
"GMDS",1,1,1,1,1,1
"C7",1,1,1,1,0.381564513013986,0.133182750590543
"NME5",1,1,1,1,1,1
"HSPA9",1,1,1,1,1,1
"SPARC",1,1,1,1,1,1
"GRM6",1,1,1,1,1,0.0128318292755221
"CDH6",1,1,1,1,1,1
"GOLPH3",3.65998648675471,1,1,0.717225428983985,1,6.66447229902252e-05
"NPR3",2.35818347157427,1,1,1,1,1
"PDE4D",1,1,1,1,1,1
"ST8SIA4",1,1,1,1,0.294598320599543,0.704993672335904
"FGF1",1,1,1,1,0.437694782957115,0.434502922201893
"ATP6V0E1",1,1,0.0269682062551409,1,0.23874009432466,1
"EHHADH",1,4.97041109710124,1,1,1,1
"KNG1",1,1.35263543979002,1.08995024140933,1,0.26639976654142,1
"HRG",1,1,1,1,14.1478887679387,1
"CLDN16",1,3.63050221701752,1,1,1,1
"ARL6",1,1,1,1,0.0733977688751918,0.347397408556517
"PCCB",4.19279122123905,1,1,1,1,1
"UBE3A",1,1,1,1,1,1
"TFDP2",1,1,1,1,1,1
"BCHE",1,3.86735786863286,2.41415512565244,1,1,2.46535597414205
"PDCD10",1,1,1,1,1,1
"FGF12",1,1,1,1,1,1
"GNAT1",1.10604974129607,1,1,1,1,1
"TFG",1,1,1,1,1,1
"HYAL1",1.70593218783263,1,1,1,1,1
"NPRL2",1,1,1,1,1,1
"FXR1",1,1,1,1,1,1
"GNB4",1,2.91983859678427,1,1,1,0.457438718470155
"GBE1",1,1,1,1,0.00711765184715951,8.7359792248683
"FRMD4B",1,1,1,1,1,1
"PLXNA1",1,1,1,1,1,1
"ATP6V1A",1,1,1,1,1,1
"MAPKAPK3",1,1,1,1,1,1
"SSR3",1,1,1,1,1,1
"CLCN2",1,3.70993843632681,1,1,1,1
"FOXP1",1,1,1,1,1,1
"EIF4G1",1,1,1,1,1,1
"DGUOK",1,1,1,1,1,0
"PIKFYVE",1,1,1,1,1,1
"NCL",1,1,1,1,1,1
"STEAP3",1,1,1,1,1,0
"OTOF",1,1.08099841096529,1,1,1,1
"ACVR1",1,1,1,1,1,1
"ITGB6",5.88876621710381,1,1,1,1,1
"ASB3",1,1.61822423333457,1,1,0.297304970887098,1
"TACR1",1,1,1,1,0.286497971084754,1.93856882822878
"CCDC88A",1,1,1,1,1,1
"FANCL",1,1,1,2.40689156028935,0,1
"SF3B1",1,1,1,1,1,1
"ST3GAL5",1,1,1,1,1,1.59439772143344
"FHL2",1.72792789939123,1,1,1,1,1
"SLC5A7",1,1,1,1,1,1
"HPCAL1",1,1,1,1,1,1
"PLEKHB2",1,1,1,1,1,2.46535597414205
"STRN",1,1,1,1,1,1
"PLCL1",1,1,1,1,1,1
"SLC1A4",1,2.19757337703632,1,1,1,1.36143285627019
"KYNU",5.80574576509543,1,1,1,1,1
"WIPF1",1,1,1,1,1,1
"ORC4",65.8388769256579,1,0.0385689787398852,1,1,0.283360489355757
"THADA",1,1,1,1,2.15345031241214,0.542779856629224
"TIA1",1,1,1,1,1,1
"PRRX1",19.7487202830823,1,1,1,1,1
"TNR",1,1,1,1,1,1
"STXBP3",1,1,1,1,1,1
"EDEM3",1,1,1,1,1,1
"HDAC1",1,1,1,1,1,1
"S100PBP",1,1,1,1,1,1
"ASH1L",1,1,1,1,1,1
"RHOU",1,1,1,1,1,2.0017381186116
"DOCK7",1,1,1,1,1,1
"DNAJC6",1,1,1,1,1,1
"LEPR",1,1,1,1,1,1
"NCF2",1,1,1,1,1,0.617914899699752
"PDC",1,1,1,1,0,1
"WARS2",1,3.91311925442305,1,1,0.604072970341257,1
"EXOC8",1,1,1,1,1,1
"GNPAT",1,1,1,1,1,1
"MTR",1,1,1,1,1,0.76936883111843
"SIPA1L2",1,1,1,1,1,1
"ZP4",1,3.94766438101223,1,1,1,1
"AKT3",1,1,1,1,1,1
"ACADM",1,1,1,1,1,0.000808428225717201
"ADGRL2",1,1,1,1,1,1
"SDHB",1,1,1,1,1,0.494793968970553
"KDM5B",1,1,1,1,1,1
"SLC2A1",1,1,1,1,1,1
"AKR1A1",1,1,1,1,1,0.061794687695768
"SLC19A2",2.77959917633177,1,1,1,1,1
"NSUN4",1,1,1,1,1,1.95500773584388
"CNN3",1,1,1,1,1,1
"ABCD3",1,1,1,1,1,1
"DARS2",1,1,0.272460211820466,1,1,1
"SLC35A3",2.53089810863831,1,1,1,1,1
"ARID1A",1,1,1,1,1,1
"OSBPL9",1,1,1,1,1,1
"STK11",1,1,1,1,1,1
"KMT2A",1,1,1,1,1,1
"TREH",1,6.75657126181913,1,1,1,0.189251291916054
"IFT46",1,1,1,1,1,1
"APOA1",1,1,1,1,1,1
"KPTN",1,1,1,1,1,1
"TNNT2",1,1,1,1,1.53195971571907,1
"ATF6",1,1,0.313352138445462,1,0.315934095315711,1
"CRYGD",1,1,1,1,0,1
"UBE3D",1,1,1,1,1,1
"CNR1",1,1,1,1,1,0.424972006960895
"PLAGL1",1,1,1,1,1,1
"TNFAIP3",1,1,1,1,1,1
"TGIF2",1,2.30942499342557,1,1,1,1
"OLFM3",1,1,1,1,1,0.693338850595961
"WDR35",1,1,1,1,1,0.510384634378425
"TRPM6",1,1,1,1,1,1
"TJP2",16.381782689582,1,1,1,1,1
"DYNC2I2",1,1,1,1,1,0.228529446873201
"SET",1,1,1,1,1,1
"GLE1",1,1,1,1,1,0.604985128548131
"TRIM32",1,1,0.674622665073938,1,0.0156148489258124,1
"KDSR",1,1,1,1,1,1
"ALDH6A1",1,1,1,1,0.236631812791002,1
"COQ6",1,1,1,1,1,0
"HELLS",1,1,1,1,1,1
"TCTN3",1,1,0.121567406062822,1,1,1
"SFRP5",1,1,1,1,1,2.46535597414205
"KANSL1",1,1,1,1,1,1
"TEK",1,1,1,1,1,1
"CAAP1",1,1,1,1,1,1
"CD274",1,1,1,1,0.431005379359308,1
"MTHFD1L",1,1,0.275145461826524,1,1,1
"PCDHB12",1,1,1,1,2.45049106041551,1
"GORAB",3.1025916391094,1,1,1,1,1
"KCNJ5",1,1,1,1,1,0.00848072786062629
"KIAA1217",1,1,1,1,1,1
"ENOX1",1,1,1,1,1,0.556257171894335
"SIL1",1,1,1,1,1.46602651226517,1
"KDM3B",1,1,1,1,1,1
"WASHC3",1,1,1,1,1,0.00638026504703158
"CLU",1,2.62790259769141,1,1,1,1
"CHRNA2",1,3.65477415130731,1,1,1,1
"EPHX2",1,1,1,1,0,1
"RNF170",1,1,1,1,1,1
"ABCC11",1,1,0,1,1,1
"CEP89",1.50019242721233,1,1,1,1,1
"TSHZ3",1,1,1,1,1,1
"PYROXD1",1,1,1,1,1,1
"GJA8",1.90512021289776,157.243637047971,2.17860437838866,0.097191044896022,0.367062600402589,9.20405048822906e-08
"CAT",1,1,0.107115242678695,1,1,1
"ZMYM2",1,1,1,1,1,1
"GJB6",1,1,1,1,0,1
"TBC1D15",1,1,1,1,1,1
"ADGRB2",1,1,1,1,1,1
"ZCCHC17",1,1,1,1,1,1
"POLR3GL",9046.14334473121,3.39094992288975,1,2.38299247381518,0.000395471106352947,5.01720621617469e-06
"PIK3CA",1,1,1,1,1,1
"LIAS",1,1,1,1,1,0.301454026572359
"ZSCAN20",1,1,1,1,1,1
"GPSM2",1,1,0.232623536934418,1,0.664476902806534,1
"HS3ST2",1,1,1,1,0.849577016625274,1
"RBBP6",1,1,1,1,1,1
"ANXA11",1.20558593014662,1,1,1,1,4.34336395728014
"LDB3",3.01721353871059,1,1,1,1,1
"OPN4",6.13455267283448,1,0,1,1,1
"PRXL2A",1,1,1,1,1,1
"BBS9",1,1,1,1,0.375166212341618,0.000150382905405019
"PMS2",1,1,1,1,1,0
"KLHL7",1.37412785706424,1,1,1,1,1
"HNRNPA2B1",1,1,1,1,1,1
"NXPH1",1,1,1,1,0.981167052753065,1.77576429711887
"NT5C3A",1,1,1,1,1,0.673398811966274
"TWIST1",1,1,1,1,1,1
"SPINK4",1,1,1,1,1,0
"AKR1D1",1,4.2911008680226,1,1,1,1
"RASSF8",1,1,1,1,1,1
"OPTN",2.02972352479846,1,1,1,1,1
"TSFM",1.90512021289776,1,1,1,1,1
"ARHGAP9",1,1,1.87883584280427,1,1,1
"MMP19",1,1,1,1,1,2.46535597414205
"STIL",1,1,1,1,1,1
"NDUFAF4",31.5627758910848,1,1,1,1,0.652980219633265
"USP45",5.40233067563205,1,1,1,1,1
"BAZ2B",1,1,1,1,1,1
"KCNJ2",1,1,1,1,1,1
"EXOSC9",1,1,0.0549483726980618,1,0.0557445714658071,0.0283121537309382
"COQ8B",1,1,1,1,1,0.175311901145839
"AGO2",1,1,1,1,1,1
"MATN4",1,1,1,1,1,4.69706945024184
"VAPB",1,1,1,1,1,1
"ATP5F1E",1,24.5464155589442,1,1,1,1
"CHD6",1,1,1,1,1,1
"ARFGEF2",1,1,1,1,1,1
"EDN3",1,5.71741896482941,1,1,1,1
"STX16",1,1,1,1,1,1
"PCK1",2.02972352479846,1,1,1,1,1
"ZBP1",2.02972352479846,1,1,1,1,1
"MTRR",2.53089810863831,1,0.185877360014632,1,1,0.243544789070386
"PEPD",1,1,1,1,0,1
"CHST8",1,1,1,1,1,0.0639828608928629
"SERPINB6",1,1,1,1,0.000131337086761465,0.0684027208675458
"XPO5",1,1,1,1,1,1
"PEX6",1,1,1,1,1,1.38114926362141
"AARS2",1,1,1,1,0.384744741357177,1
"RPS10",1,1,1,1,1,1
"SOX4",1,1,1,1,1,1
"RREB1",1,1,1,1,1,1
"SSR1",1,1,1,1,1,1
"ATXN1",1,1,1,1,1,1
"SSUH2",1.52347133103934,1,1,1,1,3.17789258422052e-10
"CNOT1",1,1,1,1,1,1
"BBS2",1,1,1,1,1,1
"PIWIL1",1,1,1,1,1,0.333660164407838
"CLYBL",1,1,1,1,0,1
"SLC10A2",1,1,1,1,1,0
"MYH2",1,1,1,1,1,0.474166226167413
"SLC25A19",1,1,1,1,1,1
"PPP1R12C",1,1,1,1,1,1
"C3",1,1,1,1,1,1
"OPA3",1,1,1,1,0.0359583383411173,1
"SDCBP2",1,1,1,2.40689156028935,1,1
"PANK2",1,1,1,1,1,2.07733610090199
"GNRH2",1.02355135096759,1,1,1,1,1
"PSMF1",1,1,1,2.40689156028935,1,1
"ITPA",2.80373302486421,1,1,1,1,1
"GDF5",1,1,1,1,1,1
"CEP250",1,1,1,1,1,1
"AGO3",1,1,1,1,1,1
"FLRT1",1,1,1,1,1,1
"ASL",1,1,1,1,1,0.623339792953097
"WNK4",1,4.99636541888164,1,1,1,1
"BECN1",1,1,1,1,1,1
"RHOJ",1,1,0.144260633401856,1,1,0.00662934013374431
"PRDM7",1,1,1,1,1,0
"RHOT1",1,1,1,1,1,1
"DYNC2I1",1,1,1,1,1,1.98004903384297
"INTS11",1,1,0.172808784750143,4.37906354857342,0.175093536209624,0.0504449848359244
"MASP1",1,3.68780504448124,1,1,1,1
"LRRC61",1,1,1,1,1,1
"IDUA",1,3.40089643151874,0.0121306248689855,1,0.012311721065778,1
"FGFRL1",1,2.82278559973841,1,1,1,1
"TMEM175",1,5.86614014413354,1,1,1,1
"EMC1",1,1,1,1,1,1
"PLA2G5",1,1,1,1,0,1
"OR7A10",1,5.08753692839039,1,1,0,1
"OR7C2",1,1.14250532183423,1,1,0,0
"MACF1",1,1,1,1,1,1
"SMARCA4",1,1,1,1,1,1
"ECHS1",38910.5366609616,1,1,1,1,0.647978206304616
"AKAP9",1,1,1,1,1,1
"POR",754.302342748647,5.20541412020548,1,1,1,1
"PEX1",1,1,1,1,1,1.41050608807183
"TUBGCP6",10413977843623.6,1,1,1,0.26241074356369,0.0699444952724584
"DGCR8",1,1,1,1,1,1
"ADORA2A",1,1,1,1,1,1
"A4GALT",1,1,1,1,1,0
"BAIAP2L2",1,1.3745043508418,1,1,1,2.33674706924288
"IGLL1",1,1,2.41415512565244,1,1,0
"APOL2",1,1,1,1,1,0
"APOBEC3A",1,1,1,1,1,0.0146522976224318
"APOBEC3F",1,1,1,1,0.0462351366316358,0.0026468387887402
"RIBC2",2.86094249061606,1,1,1,0,1
"CPA4",1,2.08588681582335,1,1,1,1
"DOCK4",1,1,1,1,1,1
"POT1",1,1,1,1,1,1
"PODXL",1,2.04193207154444,1,1,1,1
"FOXP2",1,1,1,1,1,1
"MKLN1",1,1,1,1,1,1
"FLNC",1,1,1,1,1,1
"KLHDC10",1,1,1,1,1,1
"FEZF1",1,1,1,1,1,1
"PDE11A",1,1,1,1,0,0
"HERC2",1,1,1,1,1,1
"SNRPN",9.31472752356004,3.94064066321741e+71,1,0.105881160307659,1,6.01511659145849e-05
"TWSG1",25.4355743521426,1,1,1,1,1
"TTBK2",1,1,1,1,1,1
"DLL4",1,1,1,1,1,1
"VPS13C",1,1,1,1,1.59880201316989,1
"ISLR",2.53089810863831,1,1,1,1,1
"SPCS3",1,1,1,1,1,1
"BBOX1",1,1,1,1,5.88806207079942,1
"MYOD1",1,1,1,1,1,0.150653081785032
"AIPL1",1,1,1,1,1,0.123267068891899
"DNAAF11",1,5.19228521942222,1,1,1,1
"ILF3",1,1,1,1,1,1
"ADCY4",1,1,1,1,1,1
"SNX6",1,1,1,1,1,1
"EAPP",2.28620145444783,1,1,1,0,1
"EGLN3",1,1,1,1,1,1
"NRL",1,1,1,1,1,1
"ITFG1",1,1,1,1,1,1
"FOXJ1",1,1,1,1,1,1
"CHRNA10",1,1,1,1,1,0
"TNNI3",1,42.1216349671855,1,1,1,1
"CBFA2T3",1,1,1,1,1,1
"ERMARD",1,1,1,1,1,1
"DOCK6",1,1,1,0.64718415003085,1,1
"LDLR",1,1,1,1,1,5.55825578280874
"TSPAN16",1,1,1,0,1,5.92377961987063
"PRKCSH",1,1,1,0.583030569953777,1,0.343934837596552
"DPP6",1,1,1,1,1,1
"KIF1A",1,1,1,1,1,1
"GTPBP3",1,1,1,0,1,0
"LSM7",1,1,1,1,1,1
"TULP4",1,1,1,1,1,1
"ACTN4",1,1,1,1,1,1
"NDUFA10",583.495520091591,1,1,1,1,1
"EPO",1,1,1,1,0.301370543479296,1.91269608767504
"ARPC1B",1,1,1,1.36411144640353,1,1
"ZSWIM6",1,1,1,1,1,1
"KLHDC7B",169065795468315,1,1,1,0,0
"PXDN",1,1,1,1,1,1
"ZNF557",1,1,1,1,1,0.00683230543500915
"COL5A1",1,1,1,1,1,1
"ATXN10",90.7373773266027,1,1,1,1,1
"TUBGCP2",18782.9033958014,1,0.28464667455924,1,0.538432718611189,1.44448629210484
"TAF4",1,1,1,1,1,1
"RBBP8NL",1,1,1,1,1,1
"LAMA5",1,1,1,1,1,1
"OSBPL2",1,1,1,1,1,1
"ASS1",5.23428049326797,1,1,1,1,1
"PRDM12",1,1,1,1,1,1
"EXOSC2",2.76519457849142,1,1,1,1,1
"POMT1",1,1,0.130869286806133,1,0.250515328903079,0.197152569972606
"TRIM28",1,1,1,1,1,1
"ARHGEF16",1,2.71250217570819,1,1,1,1
"CCDC62",1,1,8.79079279238351e-05,1,0.0330825249373368,1
"UBE4B",1,1,1,1,1,1
"CASZ1",1,1,1,1,1,1
"ZNF227",1,1,1,1,1,0.0354873860462878
"COX4I1",1,1,1,1,1,1
"GINS2",2.12056085319048,1,1,1,1,1
"CHMP1A",1,1,1,1,2.36116789083571e-05,1
"NFATC1",1,1,1,1,1,1
"TBC1D5",1,1,0.436891449921046,1,0.192548621593631,1
"KIF3A",1,1,1,1,1,1
"MGAT1",1,1,1,1,1,1
"TUBG1",1,1,1,1,1,1
"RPL27",1,1,1,1,1,1
"PSMC3IP",1,2.17064819685566,1,1,1,1
"AOC2",1,1,1,1,1,1
"G6PC1",1,1,1,1,1,0.00807233411279735
"ACAP3",1,1,1,1,1,1
"ANO1",1,1,1,1,1,1
"THOC6",1,1,1,1,1,0.499943409988968
"BARX1",1,15.8152062318694,1,1,1,1
"CA6",1,1,1,1,0.301201123034033,1
"NPHP4",1,1,1,1,1,2.11290113470714
"STARD3",1,1,1.56762354310567,1,1,1
"PEX11B",7404.27064210053,2.82278559973841,1,2.25637499740242,0.0154455007841289,0.00125154101271692
"MCCC2",1,1,1,1,0.596543117422514,1
"CHSY1",1,1,1,1,1,1
"THAP1",1,1,1,1,1,1
"RHPN2",1.83156421185084,1,1,1,1,1
"FAAP24",1,1,1,1,1,1
"MATN3",1,1,1,1,1,0
"RAF1",1,1,1,1,1,1
"PPARG",1,1,1,1,1,0.43116411954269
"SLX1A",1,1,1,0.0215711446787805,4.32607732274047e-06,1.02432789618195e-05
"PTCD3",1,1,1,1,1,3.40539120988945e-07
"PER2",1,1,1,1,1,1
"RAMP1",23.2369585373234,1,0.011025982729452,1,1,0.0607060607427483
"SCLY",2.55174081622935,1,1,1,1,1
"RAP1GAP2",1,1,1,1,1,1
"INPP5K",1,3.98239955561836,0.4454579059511,0.297653094584535,0.017495169510995,0.553259448041106
"SERPINF1",1,1,0,0,0,0
"DDC",1,1,0.272460211820466,1,1,0.350621326698892
"ANKRD17",1,1,1,1,1,1
"ITGB4",1,1,0.620763281615031,1,1.54877987129002,1
"WBP2",1,1,1,1,1,1
"EIF5A",1,1,1,1,1,1
"DLG4",1,1,1,1,1,1
"VPS13B",1,1,1,1,0.345797792677502,1
"REEP2",1,1,1,1,1,1
"ERAL1",1,1,1,0.179789001952389,1,1
"DAP3",2.02972352479846,1,1,1,0.00020890117689612,1
"NASP",1,1,1,1,1,1
"PATJ",1,1,0.267126048231734,1,0.0322143763213929,1
"ANGPTL3",1,1,1,1,1,1
"PDE6A",2.59805444685694,1,1,1,2.38264755937923,4.78379318321883e-06
"ATP8A2",1,1,1,1,1,1
"CDK8",1,1,1,1,1,1
"CHRM3",1,1,1,1,1,1
"MYH8",1,1,1,1,1,0.00275621176807145
"KMT5C",1,1,1,1,1,1
"PDE6B",1,5.02297139446281,1,1,1,1
"MYH11",1,1,1,1,1,1
"CEP20",42163.9628247373,1576.21738804902,1,1,1,1
"PDZD2",1,1,1,1,1,1
"LARGE1",1,1,1,1,1,1
"DYDC2",1,1,1,1,1,1
"KRAS",1,1,1,1,1,1
"IPO8",1,1,1,1,1,1
"SBF2",1,1,1,1,1,1
"HSD17B4",1,1,1,1,0.860281920969376,1
"GSC",1,1,1,1,1,0.000143187895122667
"LOXL2",1,3.68780504448124,1,1,1,1
"IRAK2",1,1,1,1,0,1
"THUMPD3",1,1,1,1,1,1
"CNTN6",1,1,1,0.00186619186113359,1.52895706931538e-05,3.16617443075658e-25
"TRPM1",65336.4971579698,733324760427.06,7.45160766292651e-05,2.23564214431736,3.39853428190372e-07,0.00411339620290175
"VAV3",1,1,1.66897395444307,1,0.886160069672297,1
"PSRC1",1,1,1,1,1,0
"NOTCH2",1,1,1,1,1,1
"ANO3",1,1,1,1,1,0.537268398346887
"IL6ST",1,1,1,1,1,1
"NAV1",1,1,1,1,1,1
"RPS15A",1,1,1,1,1,1
"GRP",1,1,1,0,1,1
"IL2RA",1,1,1,1,1,0.731754383529135
"ECHDC3",1,1,1,1,1,1
"DOCK2",1,1,1,1,1,1
"SOX5",1,1,1,1,1,1
"LRP4",1,1,1,1,1,1
"PUM1",1,1,1,1,1,1
"SPOCD1",1,5.95344877936185,1,1,1,1
"PHC2",1,1,1,1,1,1
"DSC2",1,1,1,1,0.576227264409676,1
"FHOD3",1,1,1,1,1,1
"DHX34",1,1,1,1,1,1
"APLNR",1,1,1,1,1,1
"PDGFRA",1,1,1,1,1,1
"COL4A2",1,1,1,1,1,1
"CARS2",2.98737820853822,1,1,1,1,9.59182947037588
"KLB",1,1,1,1,1,1
"WDR36",1,1,1,1,1,1
"CEMIP2",4.54528254412873,1,1,1,1,1
"AGTPBP1",1,1,1,1,1,1
"PSAT1",1,1,1,1,0,1
"ISCA1",1,1,1,1,1,1
"HAVCR2",1,2.03574658407686,1,1,1,0.795117434816703
"TAOK3",1,1,1,1,1,1
"HNF1A",1,1,1,1,1,1
"CD36",1,1,1,1,0,1
"PNPLA8",1,1,1,1,1,1
"CEP162",1,1,1,1,0.080266620468235,4.31643662287054
"SNX14",4.70846623191976,1,1,1,1,1
"EPHA7",1,1,1,1,1,1
"ORC3",2.68964557535015,1,1,1,0.0273334586952835,1
"CGA",4.66381732013686,1,1,1,1,4.99459690878763
"PHF21A",1,1,1,1,1,1
"NAT10",1,1,0.277780169348684,1,1,1
"PRPH",1,1,1,1,1,0
"CDK4",1,1,1,1,1,1
"B4GALNT1",1.03983690182098,1,1,1,1,1
"TAAR5",1,1,1,1,2.45049106041551,1
"NMBR",1,1,1,1,0,1
"STX11",1,3.78810876067057,1,1,1,1
"DYSF",1,1,0.0876236563012838,1,0.519605077862621,1
"KLHL36",1,1,1,1,1,1
"BCO1",18.2275320358449,1,1,1,8.18671028241461e-07,7.53089659522461e-17
"KIAA0513",1,1,1,1,1,1
"COG2",1,1,1,1,1,1
"DHX9",1,1,1,1,1,1
"SP110",1,1,1,1,1,0.208681990807806
"DOCK10",1,1,1,1,1,1
"SLC19A3",1,1,1,1,1,1
"DNAJB2",1,1,1,1,1,1
"WNT10A",1,1,1,1,1,0
"ARMC9",1,1,1,1,2.29313045516586,1
"TMEM127",2.02972352479846,1.58322981124873,1,1,0.00100859219806198,13.5616502099465
"EDAR",1,1,1,1,0.328012435060348,0.0468880725572677
"MRPS9",2.35818347157427,1,1,1,1,1
"ANKRD36",1.90324939015619,1,0,2.40689156028935,0,0
"RNASEH2B",1,1,1,1,0,1
"THSD1",1,1,1,1,0.319054003709884,1
"RCBTB1",1,1,1,1,1,0.54702041303731
"SPRY2",1,1,1,1,1,1
"IGF2BP3",1,1,1,1,1,1
"RAPGEF5",1,1,1,1,1,1
"IL6",1,1,1,1,1,1.5880165690167
"CCM2",1.49559334856399,1,1,1,1,1
"ALPK3",1,1,1,1,0.0241803517007546,0.682484746912179
"CIB2",1,1,1,1,1,0.0961187729097842
"CALCOCO2",1,1,1.54083801371237,1,0.384371122683749,1
"TACO1",1,1,1,1,1,0.00485494992885903
"RTP4",1,5.96634187921167,1,1,1,1
"SCN2A",1,1,1,1,1,1
"TBR1",1,1,1,1,1,1
"BLK",1,2.755800045652,1,1,1,2.44419646831268
"GATA4",1,1,1,1,1,1
"BIN1",1,1,1,1,1,1
"HS6ST1",1,1,1,1,1,1
"UGGT1",1,1,1,1,1,1
"YME1L1",1,1,1,1,1,1
"LRRC8A",1,1,1,1,1,1
"TOR1B",4.87469192070346,1,1,1,1,1
"C9orf78",1,1,1,1,1,1
"TOR1A",5.25025408850837,1,1,1,1,1
"ALDOB",1,1,1,1,1,0.0854876765072167
"USP20",1,1,1,1,1,1
"GABBR2",1,1,1,1,1,1
"PDCL",1,1,1,1,1,0.618999285893491
"PLAA",1,1,1,1,1,1
"APTX",1,1,1,1,1,0
"DMRT1",1,1,1,1,1,1
"IRF4",1,1,1,1,1,1
"SLC22A23",1,1,1,1,1,1
"ARRB1",1,1,1,1,1,1
"NARS2",1,1,1,1,1,0.185556420334738
"DDX60",1,1,1,1,1,1
"SORL1",1,1,1,1,1,1
"BUD13",1,1,1,1,1,1
"TRPC6",1,1,1,1,1,1.39206406822781
"YAP1",1,1,1,1,1,1
"SLC37A4",1,1,1,1,1,1
"FXYD2",1,2.52993139410667,1,1,1,1
"MAPKBP1",1,1,1,1,1,1
"NDUFAF1",1,1,1,1,1,0.696074310629919
"TUBGCP4",1.19540081077473,1,1,1,1,0.655730007544181
"STRA6",2.53089810863831,1,1,1,1,1
"CYP19A1",1,1,1,1,1,3.427915332591
"SPTBN5",1,1,1,1,1,2.27418772067526
"ARHGAP29",1,1,1,1,1,1
"DBT",2.53089810863831,1,1,1,1,1
"SELENOI",1,1,1,1,1,1
"HADHB",1,1,1,1,1,1
"PNPT1",1,1,1,1,1,1
"LHCGR",1,1,1,1,1,1
"PREPL",1,1,1,1,4.7530315782903,0.0227711845302744
"SLC3A1",1,1,1,1,0,0
"FBXO11",1,1,1,1,1,1
"KIF11",1,1,1,1,1,1
"KIF20B",1,1,1,1,1,1
"EXOC6",1,1,1,1,1,1
"DBR1",1,1,1,1,1,0.0371689350707333
"ZNF365",1,1,1,1,1,0.352557377490868
"DNA2",1,1,1,1,1,0.258145917424924
"SMARCAL1",1,1,1,1,1,1.02912903165487
"HECW2",1,1,1,1,1,1
"ITGAV",1,1,1,1,1,1
"GUCA1C",1,1,1,1,1,0
"USP8",1,1,1,1,1,1
"GLCE",1,1,1,1,1,1
"SEMA7A",1,1,1,1,1,1
"UBL7",14.9589415269375,1,1,1,1,1
"ARHGAP24",1,1,1,1,0.723347129412895,1
"SEC31A",1,1,1,1,1,1
"FGF5",1,1,1,1,1,0
"BBS7",1,1,0.513733360175905,1,0.51831719013227,1
"PRDM5",1,1,0.375220419533913,1,0.379272613393295,1
"FRAS1",1,1,1,1,0.613571950542479,0.53036437318986
"PPP3CA",1,1,1,1,1,1
"MAPK8IP3",1,1,1,1,1,1
"SHISAL1",5.30925985554264,1,1,1,1,1
"PARVG",3.84636494647065,1,1,1,1,1
"ALG10",1,1,1,1,1,0
"PIK3C2G",1,1,1,1,0.0810019535530131,1
"ETNK1",1,1,1,1,1,1
"PRICKLE1",1,1,1,1,1,1
"AMIGO2",1,1,1,1,1,1
"LRIG3",1,1,1.5309334703229,1,1,1
"POC1B",1,1,1,1,0.251831409900926,1
"BRCA2",1,1,1.5162228957665,1,1,1
"CSAD",1,1,0.000427628721658132,1,0.321859106493067,1
"ZNF740",1,1,0.0886732445341329,1,0.903082712009173,1
"ESD",1,1,1,1,0.0267235440298606,1
"DIAPH3",1,1,1,1,0.507971443938925,1
"MDGA2",1,1,1,1,1,1
"RDH12",1,1,1,1,1,0
"NIPA2",1,1,1,1,1,1
"SLC12A6",1,1,1,1,1,1
"TCF12",1,1,1,1,1,1
"SORD",1,1,1,2.40689156028935,1,2.46535597414205
"DUOX2",1,1,1,1,1,2.46535597414205
"TLE3",1,1,1,1,1,1
"PSTPIP1",1,1,1,1,0.484430259694239,1
"ETFA",1,1,1,1,1,4.17542167437809
"SCAPER",1,1,1,1,1,1
"IGF1R",1,1,1,1,1,1
"CYP11A1",58.6164953178266,1,1,1,1,1
"BBS4",36.9246100264469,1,1,1,1,1
"PML",1,1,1,1,1,1
"CYP1A1",15.5087372268478,1,1,1,1,1
"ADAMTS17",1,1,0.868900707879595,1,2.47045397149319,0.39638805490855
"PCSK6",1,1,1,1.53028139915606,1,0.874716331636346
"CCDC33",5.15992880640455,1,1,1,1,1
"SCAMP2",1,1,1,1,1,1
"FANCI",1,1,1,1,0.0130992099211662,1
"UNC45A",1,1,1,1,1.25922838414116,1
"MCTP2",1,1,1,1,1,5.92377961987063
"IQGAP1",1,1,1,1,1,1
"EFL1",1,1,1,1,1,1
"PMM2",1,778.70953717023,1,1,1,0
"ARMC5",1,1,1,1,1,1
"PARN",1,1,1,1,1,1
"FTO",1,1,0.360249747988199,1,3.65914225753352,1
"DHX38",3.9256137131603,1,1,1,1,1
"ZFHX3",1,1,1,1,1,1
"KATNB1",1,2.39033352655546,1,1,1,1
"KIFC3",1,1,1,1,1,1
"ADAMTS18",1,1,1,1,1,0.00360291814700769
"GCSH",2.53089810863831,1,0,1,1,1
"MBTPS1",1,1,1,1,1,1
"CDH13",1,1,1,1,1,1
"IRF8",1,1,1,1,1,1
"RHOT2",3.00414293178488,26.4664600724726,0,2.40689156028935,1,1
"RPL3L",1,1,1,1,1,0
"GALNS",1,2.77330429242572,1,1,0.152995426537639,1
"GAS8",1,1,1,1,1,0
"VPS53",1,1,0.662925704547127,0.611536267672467,0.667329374388708,5.21637339326558
"ARSG",1,1,1,1,1,1
"G6PC3",1,1,1,1,1,0.173815673003232
"BCAS3",1,1,1,1,1,1
"AFG3L2",16.9973455935584,1,1,1,1,1
"GNAL",1,1,1,1,1,1
"ASXL3",1,1,1,1,1,1
"ARRB2",1,1,1,1,1,1
"SLC13A5",1,2.42821759215053,1,1,1,0.717897343808182
"CCDC40",1,2.24567938625827,1,1,1,1
"ARHGDIA",1,1,1,1,1.96620255727059,1
"SLC16A3",1,1.03183116254779,1,1,1,1
"CARD14",1,1,1,1,1,1
"TTYH2",1,1,1,1,1,1.95195049436253
"CSNK1D",1,1,1,1,1,1
"TBCD",1,1,1,1,1,1
"FOXK2",1,1,1,1,1,1
"SECTM1",1,107.378606585262,1,1,1,1
"CEP131",1,1.06334940986072,1,1,1,1
"WDR45B",1,1,1,1,1,1
"CBX4",1,1,1,1,1,1
"DYM",1,1,1,0.360385898957711,0.289194665095254,0.366763485947442
"SMAD4",1,1,1,1,1,1
"TNFRSF11A",1,1,1,1,1,1
"FKBP10",1,1,1,1,1,1
"TXNL4A",1,1,0,0,1,0
"CACNA1A",1,1,1,1,1,1
"BRD4",1,1,1,1,1,1
"PRDM15",1,1,1,1,1,1
"HUNK",1,1,1,1,1,1
"COL6A1",1,1,1,1,1,1
"SOD1",1,1.73830555648931e+34,1,1,1,1
"COL6A2",1,1,1,1,1,1
"SIK1",1,1,1,1,1,1
"DNMT3L",1,6.40100321732349e+36,1,1,1,1
"TRPM2",1,1.80094125167262e+36,1,1,1,0.00502436696390402
"APP",1,1,1,1,1,1
"SLC6A3",1,1,1,1,1,1
"MYO1F",1,1,1,1,1,1
"NLRP12",1,1,1,1,0,0
"FBN3",1,1,1,1,1,0.316885602747046
"NOSIP",1,1,1,1,1,2.2779217156622
"RERE",1,1,1,1,1,1
"PRDM16",1,1,1,1,1,1
"EPHA2",1,1,1,1,1,1
"KIAA0319L",1,1,1,1,1,1
"PRKACB",1,1,1,1,1,1
"SLC44A3",5.09173613104971,1,1,1,0,1
"GPR161",1,1,1,1,1,1
"CREG1",1.17869691706857,1,1,1,1,1
"TBX19",2.00917567797742,1,1,1,1,1
"XCL2",1,1,1,1,0,1
"NECTIN4",1,1,1,1,1,1
"TOR1AIP1",1,1,1,1,0.0808092012610443,1
"HMCN1",1,1,1,1,1,1
"PRUNE1",1,3.93612813081857,1,1,1,1.40494065071028
"SETDB1",1,1,1,1,1,1
"CTSK",1,3.91311925442305,1,1,1,2.01565388412516
"PIP5K1A",1,1,1,1,1,1
"SELENBP1",1,1,1,1,1,0
"ARNT",1,1,1,1,1,1
"POGZ",1,1,1,1,1,1
"C1orf56",1,6.08187118269931,1,1,1,2.46535597414205
"HAX1",1,1,1,1,1,0
"RIT1",1,1,1,1,0.628795780819222,1
"GALNT2",1,1,1,1,1,1
"LYST",1,1,1,1,1,1
"DEGS1",1,1,1,1,0.812844207821346,1
"ABCG8",1,1,1,1,1,0
"WDPCP",1,1,1,1,1.79331980143251,1
"VPS54",1,1,1,1,1,1
"ASXL2",1,1,1,1,1,1
"SNRNP200",1,1,1,1,1,1
"SFXN5",1,1,1,1,1,0.331955724647361
"NPHP1",1,1,1,1,1.40252802765311e-05,2.69481447851117e-12
"LIPT1",1,1,1,1,0,1
"GALNT13",1,1,1,1,1,1
"SLC4A10",1,1,1,1,1,1
"ZNF385B",1,1,0.810954196851269,1,0.497115626161012,1
"CDCA7",1,1,1,1,1,1
"UBR3",1,1,1,1,1,1
"FAM171B",1,1,1,1,1,1
"HSPD1",1,1,1,1,1,1
"UNC80",1,1,1,1,1,1
"SUMF1",1.8988477250499,1,1,0.119340384864763,0.00900500634526675,1
"NYAP2",1,1,1,1,1,0.669353088150057
"ACKR3",2.53089810863831,1,1,1,1,1
"ESPNL",2.53089810863831,1,2.0723479506,1,1,1
"DIS3L2",1,1,1,1,1,1
"FANCD2",1,1,1,1,1,3.50487571000667
"GADL1",1,1,1,1,0,1
"GOLGA4",1,1,1,1,1,1
"IQSEC1",1,1,1,1,1,1
"IL17RD",1,1,1,1,0.577454083145784,1
"BOC",1,1,1,1,1,1
"MED12L",1,1,1,1,1,1
"RUBCN",1,1,1,1,1,1
"AMT",1,1,1,1,1,1.66611818222575
"MANF",1,1,1,1,1,1
"SLIT2",1,1,1,1,1,1
"EIF2B5",1,1,1,1,1,1
"AHSG",1,2.45127885495649,1,1,1,1
"DGKQ",1.31066397167813,9.02315411483931,1,1,1,1
"SLC26A1",2.86250108649727,24.7782668421259,0,1,0,1
"LYAR",1,1,1,1,1,1
"CENPC",1,1,1,1,1,1
"CORIN",1,1,1,1,2.45049106041551,0
"SCD5",1,1,1,1,0.00226739304388248,1
"TBCK",1,1,0.331682829758034,1,0.110866858917835,1
"CISD2",1,1,2.02031617471012,1,1,1
"ANK2",1,1,1,1,1,1
"FABP2",1,1,0,1,0,0
"CCNA2",1,1,1,1,1,1
"USP53",1,1,0.456121861959871,1,0.460559081707468,1
"RPS3A",1,1,1,1,1,1
"CYP4V2",1,1,1,1,1,0.000774084189037708
"NDUFS6",2.53089810863831,1,0,1,1,0
"CDH18",1,1,1,1,1,1
"BDP1",1,1,1,1,1,1
"COMMD10",1,1,1,1,0,5.92377961987063
"MEGF10",1,1,1,1,1,1
"NHP2",1,1,1,1,1,0.0111850969809745
"CPLX2",1,1,1,1,1,0.607872060217104
"FAM50B",1,1,1,1,1,0.600640272382602
"TBC1D7",1,1,2.41415512565244,1,1,1
"FARS2",1,1,1,1,2.41854366225377,0.0297667965872239
"CDKAL1",1,1,1,1,1,1
"DCDC2",1,3.39800195368885,1,1,1,1
"MLIP",1,1,1,1,5.88806207079942,1
"SCUBE3",1,1,1,1,1,1
"MMS22L",1,1,1,1,1,1
"RARS2",1,1,1,1,0.265068845202199,1
"TAAR6",1,1,1,1,2.32045059390479,1
"TAAR8",1,1,1,1,2.45049106041551,1
"SDK1",1,1,1,1,1,1
"MDH2",25.4355743521426,1,1,1,1,1
"TMEM209",1,1,1,1,1,1
"NCAPG2",1,1,1,1,1,1
"ASB10",3.45603922756628,1,1,1,0,1
"RAB19",1,1,1,1,1,5.92377961987063
"LUC7L2",1,1,1,1,1,1
"DENND2A",1,1,1,1,1,1
"MCPH1",3468.82865373542,1,1,1,0,0
"MFHAS1",1,1,1,1,1,1
"CSGALNACT1",1,1.05839511902183,1,1,0,2.46535597414205
"ATP6V1B2",1,1,1,1,1,1
"GNRH1",1,1,1,1,1,1
"BIN3",1,1,1,1,1,1
"SNTG1",1,1,1,1,1,1
"PXDNL",1,1,1,1,0.167280220251477,1
"MRPS28",1,1,1,1,1,1
"PMP2",1,1,1,1,0,1
"LRP12",1,1,1,1,1,1
"ARHGAP39",1,1,1,1,1,1
"SLC39A4",1,16.3099366807393,1,1,1,1
"NAPRT",1,6.33354504708964,1,1,1,1
"VLDLR",1,1,1,2.2445085785954,0.540043281810305,1
"NFIB",1,1,1,1,1,1
"CDKN2B",1,1,0,1,1,1
"CDKN2A",1,1,0.0518213893994164,1,1,1
"C9orf72",1,1,0.255299526223272,1,1,1
"CEP78",1,1,1,1,0.0469161502372865,1
"NTRK2",1,1,1,1,1,1
"PLPPR1",1,1,1,1,1,1
"SNX30",1,1,1,1,1,1
"GSN",1,1,1.88075671847393,1,1.90100218942156,1
"CRB2",1,1,1,1,0.615554952758058,1
"ASTN2",1,1,1,1,1,1
"PTGES",1,1,1,1,0.528586194496591,1
"LRSAM1",1,1,1,1,0.493626794929636,1
"INPP5E",1,1,1,1,1,0.351013701011824
"NOTCH1",1,1,1,1,1,1
"CACNA1B",1,1,1,1,1,1
"USP6NL",1,1,1,1,1,1
"SLC39A12",1,1,1,0.581562950248229,1,1.26357773092979
"CDHR1",1,1,1,1,1,0
"LRIT1",1,1,1,1,1,0
"RGR",1,1,1,1,1,0
"CAMK2G",1,1,1,1,1,1
"GLUD1",2.53089810863831,1,1,1,1,1
"HABP2",1,1,0,1,0,1
"TCF7L2",1,1,1,1,1,1
"NKX6-2",17515.2481914812,1,1,1,1,2.46535597414205
"PAOX",7404.27064210053,1,1,1,0,2.46535597414205
"ADAM12",1,1,1,1,1,1
"BTBD10",1,1,1,1,1,1.72362942361661
"GAS2",1,1,1,1,0.785628072765041,0.443899346140183
"SLC5A12",1,1,1,1,1.63792617123302,0.665743004440921
"EIF3M",1,1,1,1,1,0.79250599948028
"TNKS1BP1",1,1,1,1,1,1
"SERPING1",1,1,1,1,1,1
"OR5F1",1,1,2.41415512565244,1,0,1
"SSRP1",1,1,1,1,1,1
"PTPRJ",1,1,1,1,1,0.761061248171171
"HIKESHI",1,1,1,1,1,1
"TENM4",1,1,1,1,1,1
"CAPN5",1,1,1,1,1,1
"TTC12",1,4.36419915709315,1,1,1,1
"DRD2",1,1,1,1,1,1
"ATM",2.77478130769186,1,1,1,1,0.645830797723766
"ST14",1,1,1,1,1,1
"MPZL2",1,3.60017750756977,1,1,1,1
"LSM14B",1,1,1,1,1,1
"YTHDF1",1,1,1,1,1,1
"CABLES2",1,42.923209130011,1,1,1,1
"PPP4C",1,1,1,1,1,1
"TAOK2",1,1,1,1,1,1
"CNTN5",1,1,1,1,1,1
"TRIM48",1,1,1,1,1,5.92377961987063
"PCDH15",1,1,1.79861199317062,0.154272172554576,0.0158477900442589,0.000112999994458721
"ARID5B",1,1,1,1,1,1
"CDH8",1,1,1,1,1,1
"TMCO3",1,1,1,1,1,0
"GPM6A",1,1,1,1,1,1
"DLG2",1,1,1,1,1,1
"PRSS23",1,1,1,1,0.164509528454691,0.213760449526563
"CCT5",1,1,1,1,1,1
"DLAT",1,1.03896235587259,1,1,1,1
"PTS",1,1,1,1,14.1478887679387,1
"FREM2",1,1,1,1,1,1
"SEC24D",1,1,1,1,1,1
"RILPL2",1,1,1,1,1,2.41668525461503
"DHX37",1,1,1,1,1,1
"ITPR1",1,1,1,1,1,1
"CACNA2D4",1,1,0.0233772101219714,1,0.0829617069370806,1
"CACNA1C",1,1,1,1,1,1
"THRB",1,1,1,1,1,1
"MAT1A",3.96480526506168,1,1,1,1,1
"NPAS3",1,1,1,1,1,1
"FAM177A1",4.67866719145472,1,1,1,1,0.550931626741868
"ME3",1,1,1,1,0.0906130573474442,0.0139397977192573
"NUBPL",1,1.20670897620284,1,1,4.26174589424476,3.88363031083883
"ANKRD50",1,1,1,1,1,1
"SCLT1",1,1,1,1,1,0.527859204135897
"CCDC3",1,1,1,1,0.175399818752606,1
"FRMD4A",1,1,1,1,1,1
"EPS8",1,1,1,1,1,1
"VPS26B",1,1,1,1,1,1
"TEX9",1,1,1,1,0,1
"DRD3",2.53089810863831,1,1,1,1,1
"EDNRA",1,1,1,1,1,1
"AKR1C2",1,1,1,2.40689156028935,2.45049106041551,0
"FLI1",1,1,1,1,1,1
"KCNJ1",1,1,1,1,1,0
"BICD1",1,1,1,1,1,1
"GABRA2",1,1,1,1,1,1
"SACS",1,1,1,1,1,1
"TMEM132D",1,1,1,1,1,1
"SCHIP1",1,1,1,1,1,1
"MCHR2",4.44509867846497,1,1,1,1,14.2337112177102
"ASTN1",1,1,1,1,1,1
"PTPN14",1,1,1,1,1,1
"TMEM163",1,1,1,1,1,0.639118516150954
"GRID2",1,1,1,1,1,1
"SETBP1",1,1,1,1,1,1
"PTH",1,1,1,1,1,5.92377961987063
"ZNF773",1,1,1,1,0,1
"ZNF776",1,1,1,1,1,0
"DCLRE1C",1,1,1,1,1,0.387296533151498
"CCDC50",1,3.58932688901666,1,1,1,1
"GRIA4",1,1,1,1,1,1
"NADK2",1,1,1,1,1,1
"SAR1B",1,1,1,1,0.389853203935122,1
"SLC16A12",1,1,1,1,1,1
"PANK1",1.89260162313352,1,1,1,1,1
"HNRNPDL",1,1,1,1,1,1
"UTRN",1,1,1,1,1,1
"GRM1",1,1,1,1,1,1
"PTPRK",1,1,1,1,1,1
"GGPS1",1,3.69886049806803,1,1,1,1
"CNTNAP4",1,1,1,1,1,1
"BANK1",1,1,1,1,0.0569484511420487,0.405926823979259
"ACOXL",1,1,1,1,1,0.000692484903532734
"BMP6",1,1,1,1,1,1
"HNRNPU",1,1,1,1,1,1
"RANBP2",1,1,1,1,1,1
"AHCTF1",1,1,1,1,1,1
"MERTK",1,1,1,1,0.424322993838343,0.324468935641331
"NR4A2",1,1,1,1,1,1
"SCN3A",1,1,1,1,1,1
"PLEKHG4B",12.7240293581693,1,0,1,1,0
"PTPRD",1,1,1,1,1,1
"CNKSR3",1,1,1,1,1,1
"ZDHHC7",1,1,1,1,1,1
"CIBAR2",1,1,1,1,1,1
"KCNJ16",1,3.63286699638427,1,1,1,1
"TRIP12",1,1,1,1,1,1
"CACNA2D1",1,1,1,1,1,1
"GDPD1",1,1,1,1,1,4.37527322599001
"SEMA3D",1,1,1,1,0.614752389875431,1
"PPP2R5E",1,1,1,1,1,1
"GRAP",2.53089810863831,2.82278559973841,1,1,1,1
"CHST9",1,1,1,1,1.77301724241778e-05,0.00570382941507452
"DNAAF1",1,1,1,1,1,1
"C16orf74",1,1,1,1,1,1
"JPH3",1,1,1,1,1,1
"ANKH",1,1,1,1,1,1
"OTULIN",1,1,1,1,1,1
"RETREG1",1,1,1,1,1,1
"CERS3",1,1,1,1,1.51371988585471,1
"LRRK1",1,1,1,1,1,1
"UCHL1",1,1,1,1,1,1
"TNIK",1,1,1,1,1,1
"OBSCN",1,1,0.328966972582536,1,1,1
"ENAH",1,1,1,1,1,1
"PPP1R3A",5.26625358627784,1,1,1,1,1
"BUB3",1,1,1,1,1,1
"CFAP210",1,1,1,1,1,0.00570382941507452
"C10orf90",25.4355743521426,1,1,1,1,1
"PDLIM3",1,1,1,2.40689156028935,1,1
"SORBS2",1,1,1,1,1,1
"CXADR",1,1,1,1,1,1
"BTG3",1,1,1,1,1,1
"CHODL",1,1.82854283926781e+34,1,1,0,1
"NCAM2",1,1,1,1,1,1
"L3MBTL4",218.162449693464,1,1,1,0.364209138242334,1.80487604552548
"MRPL39",1,2.37566446242173e+34,1,1,0.335439200580612,1
"JAM2",1,1.87798884664858e+34,1,1,0.827665955814493,1
"TSEN2",1,1,1,1,1,5.09167379412894e-05
"FLCN",1,1,1,1,1,1
"PIEZO2",1,1,1,1,1,1
"CA10",1,1,1,1,1,1
"CYP2U1",1,1,1,1,1,0.790088100108068
"PTPRN2",1,1,1,1,1,1
"OTUD6B",1,1,1,1,1,1
"OR4K1",1,1,1,1,0,1
"ZFYVE27",1,1,1,1,1,2.35678808313137
"HSPA13",1,5.24922298931646e+34,1,1,1,1
"SLC7A7",1,1,1,1,0.00951856283358764,1
"TTN",1,1,1,1,1,1
"OTOA",366806.428978899,1,1,1,0.57765663079964,0.678139077613445
"SLC26A2",3.11991299924156,1,1,1,1,1
"SLC24A2",1,1,1,1,1,1
"GRIP1",1,1,1,1,1,1
"VPS37A",1,3.20445168854206,1,1,1,1
"KIF5A",1,1,1,1,1,1
"PSD3",1,1,1,1,1,1
"GNAQ",1,1,1,1,1,1
"ADK",1,1,0.430718587986696,1,1,0.536561620885886
"KCNMA1",1,1,1,1,1,1
"ADAMTSL3",1,1,0.621930939185131,1,1.54708775644955,1
"SLC28A1",1,1,1,1,0,0
"SCAF4",1,1,1,1,1,1
"PPP2R2B",1,1,1,1,1,1
"CD109",1,1,1,1,1,0
"LRFN2",1,1,1,1,1.66514743677045,0.65847143873336
"NPTN",1,1,1,1,1,1
"NTAQ1",1,1,1,1,0,1
"NSMCE2",1,1,1,1,1,1.83285462999974
"ZNF689",1,1,1,1,1,1
"PRR14",1,1,1,1,1,1
"FBRS",1,1,1,1,1,1
"EIF4A2",1,1,1,1,1,1
"NTAN1",2.53089810863831,2.82278559973841,1,8.90206843937864e-05,1.38771974787888e-12,1.30245374673562e-20
"SSBP3",1,1,1,1,1,1
"HTR5A",1,1,1,1,0.0197383757958099,1
"CACNA2D3",1,1,1,1,1,1
"DYRK1A",1,1,1,1,1,1
"KCNJ6",1,1,1,1,1,1
"KCNJ15",1,3.17661379517303e+34,1,1,1,1
"CREB3L1",1,1,1,1,1,1
"ZNF618",1,1,1,1,1,1
"DGKI",1,1,1,1,1,1
"DPYSL5",1,1,1,1,1,1
"DRC1",1,6.15839316927913,1,1,1,1
"RAB28",1,1,0.479919049499812,1,1,1
"C12orf43",1,1,1,1,1,1
"SKI",1,1,1,1,1,1
"HPD",1,1,1,1,1,1.98040773709571
"RHPN1",1,7.13136623429298,0.0515763558438485,1,7.08175109831237e-06,0.370194360979409
"CNNM4",2.02972352479846,1.58322981124873,1,1,0.118606817196994,7.89541478883057
"CLSTN2",1,1,1,1,1,1
"AUTS2",1,1,1,1,1,1
"MITD1",1,1,1,1,0.0848233587237832,1
"AHCYL2",1,1,1,1,1,1
"CPA2",1,1,1,1,1,1
"NCF1",2.53089810863831,1,1,1,1,0.0489731200488486
"CPA5",1,1,1,1,1,1
"ZC3H18",1,1,1,1,1,1
"HTR6",1,1,1,1,1,1
"ZNF276",3.16299776626896,3.48209556111014,0.491703918433649,1,0.119284893911754,0.604985128548131
"FGF17",1,1,1,1,1,1
"SLC5A11",1,1.70896914446178,1,1,1,0.00190006612610285
"CFAP298",1,1.73830555648931e+34,1,1,1,1
"SYNJ1",1,1,1,1,1,1
"IFNGR2",1,1,1,1,1,1
"SON",1,1,1,1,1,1
"KCNE2",1,1.75202714885849e+34,1,1,1,0
"RUNX1",1,1,1,1,1,1
"ACTC1",1,1,1,1,1,1
"CLDN14",1,4.01068884208588e+34,1,1,1,1
"HLCS",1,3.7049475642967e+34,1,1,1,1
"ATP13A2",1,1,1,1,1,1
"PSMB4",1,1,1,1,1,0.794995766324505
"IRX6",1,1,1,1,1,1
"ALDH4A1",1,2.86240138730312,1.65105518283785,1,1,1
"UBR1",1,1,1,1,1,1
"RSPRY1",1,1,1,1,1,1
"CCDC17",1,1,1,1,1,0
"GPBP1L1",1,1,1,1,1,1
"ACE",1,1,1,1,1,0.0061487234355582
"CTBP1",1,1,1,1,1,1
"CCDC28B",1,1,1,1,1,1
"IQCC",1,1,1,1,0,1
"BSDC1",1,1,1,1,1,1
"ZBTB8A",1,1.59540164532123,1,1,1,1
"ZNF362",1,1,1,1,1,1
"FNDC5",1,3.22441016896247,1,1,1,1
"ABCG1",1,1,1,1,1,1
"TFF3",1,3.66881341112477e+34,1,1,1,1
"TFF2",1,1.73830555648931e+34,1,1,1,1
"TFF1",1,1.73830555648931e+34,1,1,1,1
"TMPRSS3",1,1.73830555648931e+34,1,1,1,1
"RSPH1",1,1.8630674180058e+34,1,1,1,1
"NDUFV3",1,1.80653637460912e+36,1,1,1,1
"CBS",1,9.30193974485499e+34,1,1,1,1
"CRYAA",1,1.25451228527945e+35,1,1,1,1
"RRP1B",1,1.73830555648931e+34,1,1,1,1
"PDXK",1,1,1,1,1,1
"CSTB",1,4.19229424207541e+36,1,1,1,1
"TRAPPC10",1,1,1,1,1,1
"GATD3",1,1.48554396063027e+37,1,1,1,1
"ICOSLG",1,1.80094125167262e+36,1,1,1,1
"AIRE",1,1.93230847343743e+36,1,1,1,1
"CFAP410",1,1.80692344450205e+36,1,1,1,1
"ZNF66",1,1,1,1,1,0
"LSS",1,1.75037741228053e+32,1,1,1,1
"MCM3AP",1,1,1,1,1,1
"PCNT",1,1.75037741228053e+32,1,1,0.744710762327018,0.247126226100564
"S100B",1,5.50418108294696e+32,1,1,1,0
"TAOK1",1,1,1,1,1,1
"SIK3",1,1,1,1,1,1
"MPZL3",1,5.96634187921167,1,1,1,1
"NEK8",1,1,1,0.529157303437747,1,1
"CD3G",1,5.83688791440056,1,1,1,1
"VPS11",1,1,1,1,1,1
"ANO10",1,1,1,1,5.63900361787011e-06,1
"CCDC12",1,1,1,1,0.249953962827726,1
"CYP11B1",1,5.42941434912994,1,1,1,1
"VPS28",1,2.86245185577722,1,1,1,1
"TONSL",1,5.62175191942879,0.522431262069723,1,1,1
"LRRC14",1,2.82278559973841,1,1,1,1
"COL26A1",1,1,1,1,1,0.677769618196971
"FOXH1",1,7.58934590708715,1,1,1,1
"SQSTM1",1,1,1,1,1,1
"RPL8",1,1,1,1,1,1
"DVL3",1,1,1,1,1,1
"PCYT1A",787270.012722668,1.64618385444549,1,1,1,1
"LRRC56",1,1,1,1,1,0
"PGAP3",1,1,1.87307489781166,1,1,1
"ACOX1",1,1,1,1,1,1
"CYGB",1,1,1,1,1,1
"HCRT",1,1,1,1,1,1
"MED11",1,1,1,1,1,2.46535597414205
"POLR3K",1,1,1,1,1,2.46535597414205
"SNRNP25",1,1,1,1,1,2.35678808313137
"CCDC78",1,2.82278559973841,0,2.40689156028935,1,1
"TBC1D24",2.31788885361738,1,2.3518629258607,1,1,1
"SHANK2",1,1,1,1,1,1
"CLPB",1,1,1,1,1,1
"ASRGL1",1,1,1,1,1,0
"LRP5",1,1,1,1,1,1
"FGF19",1,1,0.0474288144940581,1,1,1
"PARS2",1,1,1,1,1,2.54207627197318
"PDPN",1,1,1,1,1,1
"DHRS3",1,1,1,1,1,0.706476085119584
"RBBP4",1,1,1,1,1,1
"MEGF6",1,1.03657593423186,1,1,0.0224720090036438,0.361917701134057
"NFIA",1,1,1,1,1,1
"KCNT2",1,1,1,1,1,1
"AGL",20.4165819909724,1,1,1,1,1
"NLRP3",1,1,1,1,1,1
"DDR2",1,1,1,1,1,1
"LMX1A",1,1,1,1,1,1
"WDR64",1,1,1,1,1,0.231146249841585
"PPP1R21",1,1.07085405935134,1,1,1,1
"B3GALNT2",1,1,1,1,0.137751463022746,1
"DISC1",1,1,1,1,0.0169762566639646,0.489981213458891
"CLHC1",1,1,1,1,1,2.46535597414205
"STPG2",1,1,1,1,2.45049106041551,1
"MSX1",1.63174961941074,1.89404725075625,1,1,1,2.1708636974014
"TNFAIP8L2",1,1,1,1,1,2.46535597414205
"SCNM1",1,1,1,1,5.4268136118968,2.33333536419975
"GABRB1",1,1,1,1,1,1
"ANTXR2",1,1,1,1,1,1
"HELQ",1.75029164316076,1,1,1,1,1
"DAPL1",1,1,1,1,1,0
"CLDN1",1,3.72569965827377,1,1,1,1
"COL6A3",1,1,1,1,1,1
"EOGT",1,1,1,1,0.0339658206643336,1
"LMOD3",1,1,1,1,1,0.102590317641837
"PROK2",1,1,1,1,1,1
"CCDC141",1,1,1,1,0.171542521421847,1
"SERPINI1",1,1.34188693983811,1,1,1,1
"SLC2A2",1,1,1,1,1,1
"PPM1L",1,1,1,1,1,1
"CADPS",1,1,1,1,1,1
"CDS1",1,1,1,1,1,2.63703883574987
"SYNPR",1.15266104626692,1,1,1,1,1
"ATXN7",1,1,1,1,1,1
"PRICKLE2",1,1,1,1,1,1
"ADAMTS9",1,1,1,1,1,1
"PPM1K",1,1,1,1,1,0.0170830382832489
"TIPARP",1,1,1,1,1,1
"RPL9",1,1,1,1,1,1
"SMIM14",1,1,1,1,1,1
"RBM47",1,1,1,1,1,1
"MTMR14",6.87281673307715,1,1,1,1,1
"ELP6",1,1,1,1,1,0.0386682489627395
"YEATS2",1,1,1,1,1,1
"LIPH",1,1,1,1,1,1
"SENP2",1,1,1,1,1,1
"LRPAP1",1,5.57493100805944,1,1,1,1
"SGMS2",1,1,1,1,1,1
"SLC9B1",1,1,2.18837290949347,0.206561706791802,1,1
"MFSD8",1,1,1,1,2.31340680547008,1
"PRSS12",1,1,0,1,0,1
"HPGD",1,1,1,1,1,1
"HHIP",1,1,1,1,1,1
"OTUD4",1,1,1,1,1,1
"ITGA2",1,1,1,1,1,1
"MOCS2",1,1,1,1,1,0
"SLC45A2",1,1,1,1,1,1
"ELOVL7",1,1,1,1,1.23244140720724,0.607872060217104
"NDUFAF2",1,1,1,1,0,0
"LMBRD2",1,1,1,1,1,1
"NIPBL",1,1,1,1,1,1
"RNF180",1,1,1,1,1.90100218942156,1
"ADGRV1",1,1,1,1,1,1
"HTR4",1,1,1,1,1,0.740433757877065
"ARSK",1,1,1,1,1,0.104580309402413
"CAGE1",1,1,1,1,2.16950920973622,1
"PRIMPOL",1,1,1,1,1,5.92377961987063
"TERT",1,1,1,1,1,1
"CCDC127",2.53089810863831,1,0.0903131049107387,1,1,0.000990889919252641
"SLC35A1",1,1,1,1,1,1
"GRIK2",1,1,1,1,1,1
"PDSS2",1,1,1,1,4.77572494382821e-05,1
"ANKRD55",1,1,1,1,1.96028146097544,0.775972072880424
"HCN1",1,1,1,1,1,1
"COG5",1,1,1,1,0.0190715729473846,1
"RP9",1,1,1,1,1,0.000750243895610762
"CDCA7L",1,1,1,1,1,1
"CHMP4C",1,1,1,1,0,1
"PGAM2",2.74611670307177,1,1,1,1,1
"DLC1",1,1,1,1,1,1
"RAD21",1,1,1,1,1,1
"CSMD3",1,1,1,1,1,1
"SPIDR",1,3.81064219295848,2.30539973879156,1,1,1
"DNAAF5",1,1,1,1,1,0.625777692772224
"SLC4A2",1,1,1,1,1,1
"ALDH7A1",1,1,0,1,0,1
"WASHC5",1,1,1,1,1,1.57111941448841
"UBAP1",1,1,1,1,1,1
"ABCA1",1,1,1,1,1,1
"FXN",1,1,1,1,1,1
"ZMAT4",1,1.10706432444068,1,1,1,1
"TMC1",2.61970647159377,1,1,1,0.421880515862967,1
"HGSNAT",1,11.7591500722449,1,1,1,0.58399118992523
"TRPV6",1,1,1,1,1,1.01063053260214
"METTL27",2.61612102584751,1999182707.75269,1,1,1,0.190671371758904
"OR1K1",1,1,1,1,1,0
"HECTD2",1,1,1,1,1,1
"SPTSSA",1,1,1,1,1,1
"CFL2",1,1,1,1,1,1
"PGM2L1",1,1,1,1,1,1
"SLC16A9",1,1,0.331534270624685,1,1,1
"MBL2",1,1,1,1,0,0
"CRYL1",1,1,2.27435970956348,1,0.00991596892319254,1
"TTC8",1,1,1,1,1,0.382243473763432
"TMEM63C",1,1,1,1,1,1
"OXGR1",1,1,1,1,0,1
"TAF3",1,1,1,1,1,1
"VSTM4",5.83892517778789,1,1,1,0.541309877379258,0.632893728797753
"ABRAXAS2",1,1,1,1,1,1
"NSD1",1,1,1,1,1,1
"PRDX3",1,6.3856548123294,1,1,1,1
"AK8",1,1,1,1,1,2.46535597414205
"TSC1",1,1,1,1,1,1
"STOX1",1,1,0.0433564233705767,1,0.00105291967778654,1
"OR4K2",1,1,1,1,0,1
"OTOGL",1,1,1,1,0.000243305095362763,1
"CACNB2",1.15078346282958,1,1,0.681130681808199,1,1
"HACD1",1,1,1,0,1,1
"KCNC2",1,1,1,1,1,1
"ABTB2",1,1,1,1,1,1
"LIPC",1,1,1,1,0.000140999812592812,1
"JAM3",1,1,1,1,1,1
"ADAMTS15",1,1,1,1,0.538775389395265,1
"SPATA19",1,1.11777884713767,1,1,1,1
"FBN1",1,1,1,1,1,1
"BTRC",1,1,1,1,1,1
"GABRB3",1,1,1,1,1,1
"SGPL1",1,1,1,1,1,1
"PCBD1",4.45944254690837,1,1,1,0,1
"ARIH1",1,1,1,1,1,1
"CYYR1",1,1.75365763090116e+34,1,1,1,1
"CYB5A",1,1,0,0,1,1
"OR10A5",1,1,1,1,0,0
"OR2D2",1,1,1,1,1,0
"ATP9B",1,1,0.57161231583412,0.685119242532946,0.526649144263525,0.99817561154778
"MOGAT2",1,1,1,1,1,0.615055328572459
"WDR72",1,1,1,1,0.0077186550625041,11.548529031067
"TMX3",1,1,1,1,1,1
"PRKCB",1,1,1,1,1,1
"CCDC68",1,1,1,0,1,1
"CPLX4",1,1,1,0,1,1
"MC4R",1,1,1,0,1,1
"TMPRSS5",1,1,1,1,1,1
"ZNF592",1,1,1,1,1,1
"NNMT",1,1,1,1,1,1
"AP1G1",1,1,1,1,1,1
"CATSPER2",1,1,0,0,0,0
"FAM111A",1,1,1,1,1,1
"ANPEP",1,1,1,1,1,0.566912606084861
"SCNN1G",1,1,1,1,1,1
"TERF2IP",1,1,1,1,1,5.66192379831687
"TAC3",1,1,0,1,1,1
"MYO1A",1,1,0,1,1,1
"OR4D6",2.86250108649727,1,1,1,1,1
"STX3",3.18473852684373,1,1,1,1,1
"MTMR10",17219.9197888199,14324834472845.7,0.11920334577132,1.41757162304124,0.0142853750252321,0.351013701011824
"EPB42",1,1,1,1,1,1
"MAP1A",1,1,1,1,1,1
"MBD6",1,1,1,1,1,1
"PBX3",1,1,1,1,1,1
"GOLGA2",1,1,1,1,1,1
"COQ4",1,1,1,1,1,0
"SLC27A4",1,1,1,1,1,0.674743134422353
"TBC1D21",2.53089810863831,1,1,1,1,1
"COQ7",1,1,1,1,1,1
"KATNAL2",1,1,1,1.70178063767541,1,1.47058024462561
"ATP5MG",1,1,1,1,1,1
"CD3D",1,1,1,1,1,1
"TBC1D16",1,1,1,1,1,1
"TEPSIN",1,1,1,1,1,1
"OR51I1",1,1,1,1,2.45049106041551,1
"OR51Q1",1,1,1,1,2.45049106041551,1
"PRRT2",1,1,1,1,1,1
"GPX4",3.96480526506168,1,1,1,1,1
"MIDN",1,1,1,1.29861882365862,1,1
"CDT1",1,1,1,1,0,2.46535597414205
"TRAPPC2L",1,1,1,1,1,1
"ANKRD11",1,1,1,1,1,1
"ZNF526",1,1,1,1,1,1
"TRAPPC9",1,2.23180511799095,1,0.624809846685652,0.520891759195396,0.602591487061197
"DNAAF3",1,26.6500654263753,1,1,1,1
"NXN",1,1,1,1,1,1
"WDR81",1,1,1,1,1,1
"TRPV3",1,1,1,1,0.149601997256644,1
"NDUFV1",1,1,1,1,1,0
"OR5I1",1,1,2.41415512565244,1,0,1
"CD300C",1,1,1,1,0,0
"CD300A",1,1,1,1,1,0
"TEKT1",1,1,1,1,3.5368353585867e-05,0.103361298466514
"ABCA3",1,1,1,1,1,1
"BSCL2",1,1,1,1,1,0.206471975930375
"TRANK1",1,1,1,1,1,0.719168058060699
"OR1F1",1,1,1,2.40689156028935,1,0
"SETD5",1,1,1,1,1,1
"ZCCHC4",1,1,1,1,2.11868732450242,1
"KCNV2",1,3.90164676263383,1,2.40689156028935,0,1
"ACOX2",1,1,1,1,1,0.176033100801282
"DTYMK",111.075105379777,1,1,1,0,1
"MLKL",1,1,1,1,0,1
"RFWD3",1,1,1,1,0.461893131836824,1
"MTNR1A",1,1,1,2.40689156028935,1,0
"COG7",1,1,1,1,1,1
"CDC40",1,1,1,1,1,1
"SCNN1B",1,5.00935901115359,1,1,1,1
"TNXB",1,1,0.620518431123755,0.828131074614492,0.297889571517072,0.319238984303542
"BMP1",1,1,1,1,1,1
"MTCL1",1,1,1,1,1,1
"GBX2",1,1,1,1,1,1
"HJV",32534.9960778134,10.2279164363032,1,1,1,1
"TRAPPC11",1,1,1,1,1,1
"GFRA2",1,6.34801449695013,1,1,1,1
"SLC20A2",1,1,1,1,1,1
"STAT3",1,1,1,1,1,1
"VWA3B",1,1,1,1,1.037640775364,1
"LDLRAD4",1,1,1,1,1,1
"IL7R",1,1,0.014714971576629,1,1,1
"LRP1B",1,1,1,1,1,1
"TCTN2",1,1,1,1,1,0.233008719596459
"IL12A",1,1.00413438689947,1,1,1,1
"ZNF507",1,1,1,1,1,1
"GFM1",1,1,0.428030079531323,1,1,0.245456056528312
"HTR1E",1,1,1,1,1,2.65806787981034
"LETM1",3.42106820072031,31.6625760411003,0.509868850098274,1,1,1
"MFF",1,1,1,1,1,1
"GRM5",1,1,1,1,1,1
"CPLX1",1,1,1,1,1,1
"PXDC1",1,1,1,1,1,0.0639828608928629
"ATP5ME",1,2.82278559973841,1,1,1,1
"MAP2K1",1,1,1,1,1,1
"HNRNPH1",1,1,1,1,1,1
"ROR2",1,1,1,1,1,1
"CHST14",1,1,0.37870792714009,1,1,1
"ATF5",1,1,1,1,1,0.313367266811757
"OR6F1",1,1.02947274483492,1,1,0,0
"GPRIN1",1,1,1,1,1,1
"HSPB3",1,1,1,1,1,5.92377961987063
"OR5AU1",1,1,1,1,1,0
"ARL13B",1,1,1,1,0.126450520682735,1
"PTK2",1,1,1,1,1,1
"KCNK9",1,1,1,1,1,1
"COL22A1",1,1,1,1,1,1
"CCDC8",1,1,0.387455605833785,1,1,1
"HINT1",1,1,1,1,1,0
"INO80E",7.79982917434203e+37,5.4555535021857e+24,2.09414143770419,0.289129314992043,0.0117227613835195,1.36778475838631e-06
"ANTXR1",1,1,1,1,1,1
"DRD5",1,1,1,1,1,1
"BUB1",1,1,1,0.793722922430105,1,0.526790622886841
"LRRC45",1,1.54234860464513,1,1,1,1
"AGPAT2",1,1,2.41415512565244,1,1,1
"MT1E",1,3.82194178407379,1,1,1,0
"DUS1L",1,1,1,1,1,1
"RFNG",1,4.62505079511301,1,1,1,1
"NLGN1",1,1,1,1,1,1
"UGP2",1,1.68932314744671,1,1,0.00235144179770409,1
"BTD",1,1,1,1,1,0
"ROBO1",1,1,1,1,1,1
"CTNND2",1,1,1,1,1,1
"OTUD7A",1,1,1,1,1,1
"GUSB",1,1,1,1,1,1.4827214985394
"KLF13",139713.540141267,1368573569838.57,0.00394664438187574,1.95845706944933,1.57071425238517e-05,0.0329731357868241
"ZFPM2",1,1,1,1,1,1
"ZNF764",1,5.74556165698207,1,1,1,1
"ZNF768",1,1,1,1,1,1
"NLGN2",1,1,1,1,1,1
"MYRIP",1,1,1,1,1,1
"YWHAG",1,1,1,1,1,1
"NIPA1",720864718.774211,1.50883051539454e+61,2.24266866150717,0.0249373354819408,2.40750711720751e-14,1.4721408178218e-15
"CHRNB1",1,1,1,1,1,0.224072346971219
"MRAP",1,1.80389757461445e+34,1,1,1,1
"FAM161A",1,1,1,1,1,0.00143256867411634
"CNGB3",1,1,1,1,1,1
"ELP5",1,2.82278559973841,1,1,1,0
"GABARAP",1,3.19071930128165,1,1,1,0.502606063167117
"STX8",1,1,1,1,0,1
"UBB",1,4.9315648801249,1,1,1,0
"FRMPD2",1,1,1,1,0.00490700696197907,0.000101066239010635
"PRDM10",1,1,1,1,1,1
"B3GNT2",1,1,1,1,1,1
"SEMA3E",1,1,1,1,0.342689704292814,1
"MGMT",37.0856212538796,1,1,1,0,1
"KRT86",1,1,1,1,1,1
"KISS1",1,1,0,1,1,1
"KRT83",1,1,1,1,1,0
"PFKFB3",1,1,1,1,1,1
"ARL6IP1",1,1,1,1,1,1.63972438481478
"DLGAP1",1,1,1,1,1,1
"STAT2",1,1,1,1,1,1
"HSPA4",1,1,1,1,1,1
"ATF7",1,1,1,1,1,1
"OR10A3",1,1,1,1,5.88806207079942,1
"AKAP13",1,1,1,1,1,1
"OR10A4",1,1,1,1,0,0
"DYDC1",1,1,1,1,1,0
"OR10A2",1,1,1,1,0,0
"FSHR",1,1,1,1,1,1
"CEL",1,1,1,0.381191970996663,0.00108165708747225,0.00867398546811163
"PKHD1",1,1,1,1,0.114304934594371,0.987758313167233
"CEACAM3",1,1,1,1,0,1
"ALK",1,1,1,1,1,1
"INSR",1,1,1,1,1,1
"MFN1",2.06392174494136,16.0248035936814,1,1,1,0.286902683734099
"GIMAP8",1,1,1,1,1,1
"OR2M4",1,1,1,1,0,0
"NPTX1",1,1,1,1,1,1
"GAA",1,1,1,1,1,1
"CANT1",1,1,1,1,1,1
"EXOSC1",1,1,1,1,1,0
"KRT15",1,1,1,1,1,0
"KRT13",1,1,1,1,1,0.0393172959323211
"KRT9",1,1,1,1,1,0.337738481755188
"MCC",1,1,1.88075671847393,1,0.505549636621305,1
"DSEL",1,1,1,1,1,1
"ASXL1",1,1,1,1,1,1
"ZNF561",3.05627397816693,1,1,1,1,1
"ETFDH",1,1,1,1,0.00162558668982028,0.0237912187598994
"MAP6",1,1,1,1,1,1
"DSCAM",1,1,1,1,1,1
"DNAI2",1,1,1,1,1,0.257090994389067
"BPTF",1,1,1,1,1,1
"PLEKHG5",1,1,1,1,1,1
"ANO5",1,1,1,1,0.107918597395433,0.171615855569969
"GPHN",1,1,1,1,1,1
"SYCE1",37392.5910037861,1,1,1,0.0190715729473846,1.47177721951651e-29
"CFAP46",7404.27064210053,1,1,1,1,1.33948002460352
"NINJ2",1,1,1,1,1,0
"RRM2",1,1,1,1,1,1
"RPS21",1,2.82278559973841,1,1,1,1
"PTEN",1,1,1,1,1,1
"FRMD5",1,1,1,1,1,1
"OR10H3",1,1,1,1,1,0
"OR10H2",1,5.71936004726513,1,1,1,0
"ATPAF2",3.82950339355811,40.4108500305926,1,1,1,1
"CYP4F22",1,25.8531398050805,1,1,0.204578649178247,0.559281547624469
"ZNF57",1,1,1,1,2.45049106041551,1
"JMJD1C",1,1,1,1,1,1
"KLF11",1,1,1,1,1,0
"SMN1",1,1,1,1,1,0
"CYCS",1,1,1,1,1,0.352233967762763
"CALB2",1,1,1,1,1,0.0350245852706389
"CCL11",1,1,1,0,1,0
"TEFM",1,1,1,1,1,1
"MALT1",1,1,1,1,1,1
"PRL",1,3.79936449825242,1,1,5.88806207079942,1
"OR4C11",1,1,1,1,0,0
"OR4X2",1,1,1,1,1,0
"NEGR1",1,1,1,1,1,1
"MACROD2",1,1,1,1,1,1
"DPAGT1",1,2.50604876444997,1,1,1,1
"BSG",1,1,0.00189056481789603,0.0714478151681553,0.0194004293089751,2.27492129807676
"HINFP",1,1,1,1,1,1
"OR10V1",1.68967286648218,1,1,1,1,1
"SPTLC3",1,1,1,1,0.0571741357705883,1
"TP53RK",1,1,1,1,1,1
"OR5A1",1,1,1,1,1,1
"ALG14",1,1,1,1,1,1
"SUCLG2",1,1,1,1,0,1
"OR5B12",1,1,1,1,1,1
"OR5B2",1,1,1,1,1,1
"OR9I1",3.5268963312841,1,1,1,1,1
"MYOZ2",1,1,0.0903131049107387,1,0.0915882263811498,0.270126386612653
"CLP1",1,1,1,1,1,1
"TTC36",1,1,1,1,1,0
"RSPH9",1,1,1,1,1,2.46535597414205
"OR5AR1",1,1,1,1,1,0
"AGXT",25.4355743521426,1,0.134387960111608,1,0.0403777780144928,1
"OR5T3",1,1,1,1,1,0
"OR10H5",1,1,1,1,1,0
"SNTG2",2.02972352479846,1,2.34609736768268,1,2.38025493759039,0.00956224852398734
"THEMIS",1,1,1,1,1,0.178730804097032
"OR4D9",1,1,1,1,1,0
"OR5B3",1,1,1,1,1,1
"OR10W1",1,1,1,1,1,1
"HOXC5",1,1,1,1,2.45049106041551,1
"DHCR7",1,1,1,1,2.45049106041551,1
"LVRN",1,1,1,1,1,0.334523845315872
"NBEA",1,1,1,1,1,1
"SH3RF3",1,1,1,1,1,1
"EVC2",5.13900110196505,5.2711570056604,1,1,1,1
"BNC2",1,1,1,1,1,1
"HPSE",1,1,1,1,1,1
"COQ2",1,1,1,1,1,1
"ADCK5",1,1,1,1,1,1
"ADAMTS20",1,1,1,1,1,1.76785201821782
"COMMD1",1,1,1,1,0.314964873961841,0.00922638350970032
"PARP14",1,1,1,1,1,1
"ABCD2",1,1,1.6582019123341,1,1,1
"TNKS",1,1,1,1,1,1
"GPR148",1,1.58322981124873,1,1,1,2.46535597414205
"NDNF",1,1,1,1,1,1
"DAB1",1,1,1,1,1,1
"ARV1",1,1,1,1,0,1
"PTPRM",1,1,1,1,1,1
"CHD2",1,1,1,1,1,1
"UGT2A1",1,1,1,1,0,1
"SLC19A1",1,1.73830555648931e+34,1,1,1,1
"UQCRH",1,1,1,1,1,2.46535597414205
"CD7",1,116.084310946303,1,1,1,1
"CNP",1,1,1,1,1,1
"JUP",1,1,1,1,1,1
"CBX2",1,1,1,1,1,1
"GOLIM4",1,3.19450950244505,1,1,1,1
"TCAP",1,1,2.09053429081468,1,1,1
"CEP19",1828.709347716,1.86057033347698,1,1,1,1
"TRMT10C",1,1,1,1,0.0320570010411083,1
"PIGG",1,2.92284991821669,1,1,1,1
"PRPF8",1,1,1,1,1,1
"REP15",2.14229233456939,1,1,1,1,1
"SLC6A19",2.86094249061606,1,0,1,1,0
"RALGAPA1",1,1,1,1,1,1
"STARD6",1,1,1,0,0,1
"CNTNAP2",1,1,1,1,1,1
"GALNTL6",1,1,1,1,0.741207419498226,5.12712764861029
"LINGO2",1,1,1,1,1,1
"OR7D4",1,1,1,1,1,1
"BRSK2",1,1,1,1,1,1
"HRAS",1,1,1,1,1,0.33291759036222
"SRP72",1,1,1,1,1,1
"FZD4",1,1,1,1,1,1
"NDUFA11",1,1,1,1,0,1
"OR10AG1",1,1,2.41415512565244,1,0,1
"OR4S2",1,1,1,1,0,0
"SLC22A1",1,1,1,1,5.88806207079942,1
"CTBP2",1,1,1,1,1,1
"DSG4",1,1,1,1,1,0.0867958029261257
"RTP1",1,6.08187118269931,1,1,1,1
"DES",1,1,1,1,1,1
"PACS1",1,1,1,1,1,1
"OR2T1",1,1.54234860464513,1,1,0,0
"YPEL2",1,1,1,1,1,1
"PPM1E",1,1,1,1,1,1
"FAM131A",1,3.8787660044043,1,1,1,1
"PARL",1,1,1,1,1,1
"PCCA",1,1,1,1,0.0815730689918608,1
"ZNF408",1,1,1,1,1,1
"CKAP5",1,1,1,1,1,1
"ARHGAP1",1,1,1,1,1,1
"DOLK",1,1,1,1,1,1.91975503916252
"PROP1",1,1,1,1,1,0.052075556816551
"PTPN2",1,1,1,1,1,1
"SMAD2",1,1,1,1,1,1
"ZNF25",1,1,8.09355039972975,1,1,1
"LPL",1,1.08871154147455,0.0680187726331228,1,1,1
"DPP10",1,1,1,1,1,1
"CABP4",1,1.58322981124873,1,1,1,1
"ALG10B",1,1,1,1,1,0
"ERCC4",1,1,1,1,1,1
"SUGCT",1,1,1,1,0.650476069842893,1
"OR4B1",1,1,1,1,1,0
"TMEM270",1,109655510.447753,1,1,1,0
"TSPEAR",1,2.21341781163522e+36,1,1,1,1
"DOK7",1,2.82278559973841,1,1,1,1
"ASCL3",1,1,1,1,0,1
"TUBB6",2.53089810863831,1,1,1,1,1
"B3GALT6",1,1,0,2.40689156028935,1,1
"MC5R",2.53089810863831,1,1,1,1,1
"CCDC57",1,1,1,1,0.321859106493067,1
"BNIP3",377.355631242795,1,1,0,1,0
"OR11H4",1,1,1,1,1,0
"OR4D11",1,1,1,1,1,0
"LRRTM4",1,1,1,1,1,1
"OR11H6",1,1,1,1,1,0
"RTTN",1,1,0.508578428713367,0.616292996149224,1,1
"ZBTB8OS",1,1,1,1,1,1
"OR4K5",1,1,1,1,0,1
"GJC3",1,1,1,2.40689156028935,1,1
"RIMS2",1,1,1,1,1,1
"DNAJC30",3.53882478631395,4244366901.18622,1,1,1,0
"VPS37D",1,1,1,1,1,1
"OR5AN1",1,1,1,1,1,1
"OR4C5",1,1,1,1,0,0
"USF3",1,1,1,1,1,1
"OR4C3",1,1,1,1,1,0
"OR4S1",1,1,1,1,1,0
"OR4X1",1,1,1,1,1,0
"CNBD1",1,1,1,1,1,0
"LMNB2",1,1,1,1,1,1
"MYO1D",1,1,1,0.664993133356709,1,1
"FOXL1",1,1,1,1,1,1
"LRRC37A",1,1,1,1,0.119005571728193,1
"OR4F17",1,1,1,2.40689156028935,1,0
"ACSF3",1,1.19462563522674,0,0,0,1
"OR51V1",1,1,1,1,0,1
"CDK5R1",1,1,1,1,1,1
"TCERG1L",377.355631242795,1,1,1,1,1
"OR51L1",1,1,1,1,0,1
"TYMS",1,1,1,1,1,1
"OR51T1",1,1,1,1,0,1
"TCIM",1,1,1,1,1,1
"ANKLE2",1,1,1,1,1,0.650734438263923
"OR51S1",1,1,1,1,0,1
"OR51F2",1,1,1,1,0,1
"SEC24C",1,1,1,1,1,1
"DEAF1",1,1,1,1,1,0.680099095318651
"WDR73",1,1,1,1,0,0
"POLE",1,1,1,1,1,1.03364950955975
"SCN4B",1,1,1,1,1,1
"DSCAML1",1,1,1,1,1,1
"EPS8L2",1,1,1,1,1,0.76936883111843
"ANO6",1,1,1,1,0.00509178157199054,1
"OR2T35",1,1,1,1,0,0
"TALDO1",1,1,1,1,1,0.0695167151190653
"ULK1",1,1,1,1,1,1
"PUS1",1,1,1,1,1,1
"CHD9",1,1,1,1,1,1
"OR2T33",1,1,1,1,0,0
"MAN1B1",1,1,0.721091339139953,1,1,0.486949909002477
"OR2AJ1",1,4.52049105574602,1,1,0,0
"TOP3A",19.8426082437437,22.3505913666155,1,1,1,1
"LRRN4CL",1,1,1,1,1,0
"MAGEF1",1,6.05627622349228,1,1,1,1
"TGIF1",59.3893714607582,1,1,1,1,1
"CD19",1,1,1,1,1,1
"OLIG3",1,1,1,1,1,1
"CAVIN1",1,2.00516494303546,1,1,1,1
"OR2G3",1,1,1,1,0,0
"OR2G2",1,1.98708943907006,1,1,0,0
"OR2B11",1,1,1,1,0,0
"SLC25A22",1,1,1,1,1,0.521215502829981
"TBL1XR1",1,1,1,1,1,1
"PIDD1",1,1,1,1,1,0.0854876765072167
"GBA1",1,1,1,1,1,0.278785316495647
"PNPLA2",1,1,1,1,1,0.620766560420152
"NAALADL2",1,1,0.000429225417093496,1,1.70627009935912e-08,1
"CD151",1,1,1,1,1,0.102145682018097
"FAM20C",1,1,1,1,1,1
"NECTIN3",1,1,1,1,1,1
"TMEM94",2.78439993819893,1,1.52601033478521,1,1,1
"FLII",6.86990310193022,7.74311401914712,1,1,1,1
"MYOZ1",1,1,1,1,1,1
"GRB2",1,1,1,1,1,1
"ADAMTSL1",1,1,1,1,1,1
"DDX10",1,1,1,1,1,0.296239444017011
"NDUFV2",25.4355743521426,1,1,1,1,1
"PARD6G",1,1,0.324895775080626,0.406796357092568,1,0.758054708612032
"ZNF454",1,1,1,1,1,0.340955768912453
"SH2B1",1,1,1,1,1,1
"PLEC",1,1,1,1,1,1
"SH2D4B",2.5446059615973,1,1,1,1,1
"ZNF543",1,1,1,1,0,1
"TMPRSS9",1,1,1,1,0.00345274170254788,1
"OR2D3",1,1,1,1,1,0
"GLDC",1,1,1,1,0.0592119371452547,0.0138239504207061
"ERBB4",1,1,1,1,1,1
"GPR35",399.774058786499,1,1,1,1,0
"PARP10",1,3.10312432701809,1,1,1,1
"NSUN3",1,1,1,1,0,0
"RPP25",1,1,1,1,1,1
"COX5A",1,1,1,1,1,1
"FAM219B",1,1,1,1,1,1
"MPI",1,1,1,1,1,1
"CYBC1",1,2.82278559973841,1,1,1,1
"GAK",1,1,1,1,1,1
"TUFM",800576.19970694,19.6291390556308,1,1,0.513153709893865,1
"CTC1",1,1,1,1,0.648298309416844,1
"OR13D1",1,1,2.41415512565244,1,1,1
"CYC1",1,2.82278559973841,1,1,1,1
"CYP11B2",1,5.77171576867818,1,1,1,1
"ALOXE3",1,1,1,1,1,0.312293098430625
"EDC3",2.73693733656522,1,1,1,1,1
"CALR",1,1,1,1,1,1
"CDH4",1,1,1,1,1,1
"PTPN11",1,1,1,1,1,1
"CLK3",1,1,1,1,1,1
"HLA-DQB1",1,1,1,1,0.237439881416475,0.00270141091874629
"ARID3B",1,1,1,1,1,1
"PACS2",1,1,1,1,1,1
"EGR3",1,1,1,1,1,1
"GPC5",1,1,1,0.0106891124702018,2.33557614271142,0.105802703711313
"VWA1",1,1,1,2.23212230867118,5.24795751785227,1
"MKRN3",5.96946629596193,7.03717921292826e+71,1,0.429738718405659,1,0.0258965517687301
"OR9A2",1,1,1,1,0,1
"SLC17A8",1,1,1,1,1,1.31128448862564
"SHARPIN",1,8.67612167179143,1,1,1,1
"ZFPM1",1,1,1,1,1,1
"MAF1",1,1,1,1,1,1
"MROH1",1,1,1,1,1,1
"TIGD5",1,4.88471501845326,1,1,1,1
"PDXDC1",3.42024041839258,1,1,0.0751193632736554,7.93116682500568e-05,4.27144363332513e-06
"NRXN1",1,1,1,1,1,1
"FIZ1",1,1,1,1,1,1
"PUF60",1,1,1,1,1,1
"TSHZ1",1,1,1,1,1,1
"EXOC3",1,1,1,1,1,1
"TH",1,1,0.444121482007862,1,1,1
"F2",1,1,1,1,1,1
"PRKRA",1,1,1,1,1,1
"PLD5",1,1,1,1,1,1
"ALX1",1,1.04376344175949,1,1,1,1
"KCTD4",1,1,1,1,0,1
"HCLS1",1,1,1,1,1,0.394614501406049
"PAK2",1,1,1,1,1,1
"CCDC66",1,1,2.41415512565244,1,2.45049106041551,0
"OR10Q1",2.65263118826484,1,1,1,1,1
"KCNE1",1,2.16228175170541e+32,1,1,1,0
"D2HGDH",1,1,1,1,1,1
"OR52E4",1,1,1,1,1,0
"OR52N1",1,1,1,1,0,1
"OR52N5",1,1,1,1,0,1
"SLC26A11",1,1,1,1,2.45049106041551,5.92377961987063
"CHRM2",1,1,1,1,1,1
"EHMT1",1,1,1,1,1,1
"ZNF707",1,3.50986396144518,1,1,1,1
"DHTKD1",5.44384921025027,1,1,1,0,0
"C4orf50",1,1,1,1,1,1
"ZNF746",1,1,1,1,1,1
"TMEM132C",1,1,1,1,1,1
"TMEM132E",1,1,1,0.742702803499755,1,0.749004896239522
"SOX2",1,1,1,1,1,1
"RNF135",1,942.90672817934,1,0,1,0
"SGSH",1,1,1,1,0.590458064016463,1
"SETD2",1,1,1,1,1,1
"OR52D1",1,1,0,1,1,1
"ZFP41",1,3.53448883761405,1,1,0,0
"GPR88",1,1,1,1,1,1
"OR8H1",1,1,1,1,1,0
"ZBTB20",1,1,1,1,1,1
"OR5AS1",1,1,2.41415512565244,1,0,1
"SIAH2",1,1,1,1,1,1
"CLDN7",1,1,1,1,1,0
"ZNF329",1,1,1,1,1,0.353847026819277
"OR4C6",1,1,1,1,81.682712425821,0
"OR4P4",1,1,1,1,0,0
"OR4C15",1,1,1,1,2.45049106041551,1
"OR4A16",1,1,1,1,1,5.92377961987063
"RTKN2",1,1,1,1,0.123243122160669,1
"OR6B2",377.355631242795,1,1,1,1,1
"TNRC18",1,1,1,1,1,1
"NOP10",1,1,1,1,1,0.618999285893491
"KCNIP1",1,1,2.86271548601784,1,1,1
"UNC5C",1,1,1,1,1,1
"TSEN54",1.81374656915775,1,1.96715449024239,1,1,1
"RAD51B",1,1,5.80075375829769,2.40689156028935,0,1
"FBXL6",1,2.82278559973841,1,1,1,1
"CLN8",7404.27064210053,1,1,1,0.00688980596630503,5.86075799955995
"NPLOC4",1,1,1,1,1,1
"CAV3",1,1,1,1,1,1
"CSF1R",1,1,1,1,1,1
"EPHB3",1,1,1,1,1,1
"TSPAN10",1,1.92828566019872,1,1,1,1
"OR2V2",1,1,1,1,1,5.92377961987063
"PLCB1",1,1,1,1,1,1
"OR10G7",1,1,1,1,0,1
"NDN",1,1,1,1,1,1
"NTM",1,1,1.54249627498408,1,2.26624310675137,0.746167156355371
"KCNB2",1,1,1,1,1,1
"RGS6",1,1,1,1,1,1
"NGRN",1,1,1,1,1,5.92377961987063
"GRID1",1,1,1,1,1,1
"OR2T29",1,1,1,1,0,0
"OR4F15",1,1,1,1,2.45049106041551,0
"ALG12",6948899560.84077,1,1,1,1,1
"LCK",1,1,1,1,1,1
"COL18A1",1,1,1,1,1,1
"RPL35A",1,1,1,1,1,1
"MTA1",1,1,1,1,1,1
"CADM1",1,1,1,1,1,1
"PYCR1",1,1,1,1,1,1
"SPNS2",1,1,1,1,1.8282918408464,0.408810049035733
"AP2A2",1,1,1,1,1,1
"SLC8A1",1,1,1,1,1,1
"OTOP2",1,1,1,1,2.45049106041551,1
"SLC25A10",1,1.67478105566868,0.0169641020591888,1,1,1
"CAMK1D",1,1,1,1,1,1
"NEB",1,1,1,1,1,1
"ARHGEF37",1.70593218783263,1,1,1,1,1
"FANCF",1,1,1,1,0,0
"CHST6",1,1,1,1,1,0
"OR52E8",1,1,1,1,0.417299859022547,1
"CCBE1",1,1,1,0.205128226384762,0.161027873375158,1
"OR5P2",1,1,1,1,0,1
"ZNF623",1,2.82278559973841,1,1,1,1
"REC114",28.6064356733834,1,1,1,1,1
"JRKL",1,1,1,1,6.90732461655497,1
"RIPK4",1,1,1,1,1,1
"GRIN2A",1,1,1,1,1,1
"SETD3",1,1,1,1,1,1
"FBXL7",1,1,1,1,1,1
"TANGO2",1699234852498795520,337776252.876632,1,0.15379304993871,0.142859201120135,0.156412149210875
"SFXN4",1,1,1,1,1,1
"DGCR6",1,1,1,0,1,0
"TRMT12",1,1,1,1,1,1
"ALYREF",1,1,1,1,1,1
"OR4N4",1,1,1,0,0,0
"OPCML",1,1,1,1,1,1
"TBK1",1,1,1,1,1,1
"CHEK2",1,1,1,1,0,1
"COA3",1,1.49578062503347,1,1,1,1
"ACTG1",1,3.98239955561836,1,1,1,1
"TMPRSS2",1,1.92938559736417e+34,1,1,1,1
"OR2T10",1,3.01035606619315,1,1,0,0
"TBX1",1,1,1,1,1,1
"OR4F6",1.58132027815566,1,1,1,1,0
"KCNQ3",1,1,1,1,1,1
"UBE2F",1,1,1,1,1,1
"OLIG1",1,2.06226865007993e+34,1,1,1,1
"PCDH9",1,1,1,1,1,1
"ALDH1A3",1,1,1,1,1,1
"PRKD1",1,1.54667865889272,1,1,1,1
"CCSER1",1,1,1,1,1,1
"EFNA5",1,1,1,1,1,1
"PLA2G6",1,1,1,1,3.74877776205591,1
"A3GALT2",1,1,1,1,1,1
"TXNRD2",1139282492333177600,193377251.509036,1,0.0520809174604189,1,0.0531377222550446
"PROS1",1,1,1,1,1,1
"PDE4B",1,1,1,1,1,1
"RNLS",1,1,1,1,1,1
"TMEM186",1,3.72103880275728,1,1,1,0
"IMMP2L",1,1,0,2.40689156028935,0,1
"CLCNKB",1,1,1,1,0,0
"JAG2",1,1,1,1,1,1
"NUTM2A",4.40227244824083,1,1,1,1,1
"SORCS2",1,1,1,1,1,1
"ROBO2",1,1,1,1,1,1
"MAFF",1,1,1,1,1,1
"BRF1",1,1,0.982932523406266,1.29215952031517,1,1
"ANKS1B",1,1,1,1,1,1
"NELFA",1,1,1,1,1,1
"SGCZ",1,3.21441859079256,0,1,0,0
"ANO9",1,1,1,1,1,0.357074299158103
"LRRC37B",1,1,1,1,1,1
"RAB11B",1,1,1,1,1,0.557782478223136
"RBM11",1,2.70154875124694e+34,1,1,1,1
"GALNT17",1,1,1,1,1,1
"CCDC137",1,1,1,1,1,1
"CDK10",1,1,1,1,0,1
"ATP6V0A2",1,1,1,1,1,0.610751228031784
"PRKN",1,1,26.1934531242339,1.80131630729778,3.73782005403671e-07,0.0338239448737667
"TEDC1",1,4.21529072722563,1,1,1,1
"HGS",1,1,1,1,1,1
"OR2V1",1,1,1,1,1,2.46535597414205
"OR7A17",1,1,1,1,0,1
"STAC3",1,1,1,1,1,1
"FAAP100",1,1.23458750390292,1,1,1,1
"SPATA45",1,1,0,1,0,1
"PDE6G",1,1,1,1,1,1
"PRKG1",1,1,1,1,1,1
"DLK1",1,4.802879168128,1,1,1,1
"P4HB",1,1,1,1,1,1
"PBX1",1,1,1,1,1,1
"UBE2L3",1,1,1,1,1,1
"SYN3",1,1,1,1,1,1
"ZNF696",1,47.2816242268813,1,1,1,0.584950575546158
"ADARB2",1,1,1,1,1,1
"NRG3",1,1,1,1,1,1
"IFIT1",1,1,1,1,1,1
"KCNIP4",1,1,1,1,1,1
"SLC52A2",1,12.3383694614044,1,1,1,1
"PIGP",1,1.81487097177339e+34,1,1,1,1
"IKZF1",1,1,1,1,1,1
"PCYT2",1,5.6010046541609,1,1,1,1
"ATP6V0C",1,1,1,1,1,1
"LAMP1",1,1,1,1,1,1
"POMK",1,19.9940612165241,1,1,1,0
"OR4C46",1,1,1,1,0,1
"BICD2",1,1,1,1,1,1
"GRK1",1.11210295307019,1,1,1,1,1
"CDIN1",1,1,1,1,2.29607667328368,1
"OR4F5",1,1,1,0,0,1
"CYP2R1",1,1,1,1,1,0
"OR5D14",1,1,1,1,81.682712425821,1
"OR5D18",1,1,1,1,196.267959774945,1
"WWOX",1,1,2.41415512565244,0,0,0
"CENATAC",1,1,1,1,1,1
"BPIFB3",1,1,1,1,1,1
"BPIFB4",1,1,1,1,0,1
"KLHL32",1,1,1,1,1,1
"GABRA5",1,1,1,1,1,1
"RGS9BP",2.70834244090597,1,1,1,1,1
"SLC36A2",1,1,0,1,0,1
"ANKRD37",1,1,1,2.40689156028935,1,1
"TRDN",1,1,1,1,0.149592497885617,4.66225027328393
"PCLO",1,1,1,1,1,1
"MYT1L",1,1,1,1,1,1
"ZNF396",1,1,1,1,0.00235144179770409,1
"OR9Q1",1,1,1,1,1,1
"CLCNKA",1,1,1,1,1,1.89048181906429e-09
"OR9Q2",1,1,1,1,1,1
"NF2",1,1,1,1,1,1
"PRR5",2.53089810863831,1,1,1,2.31006327985017,1
"LYRM7",1,1,1,1,1,0
"BCR",1,1,1,1,1,1
"OR10H1",1,1,1,1,1,1
"MPPED1",1,1,1,1,1,1
"FSCN2",1,1,1,1,1,1
"MAPT",1,1,1,1,1,1
"ESPN",1,1,0.509019909565759,1,1,1
"SAMD7",1,1,1,1,1,1
"ENTPD5",1,1,1,1,1,0.95005351755406
"MITF",1,1,1,1,1,1
"HEATR4",1,1,1,1,2.45049106041551,1
"FNBP1",1,1,1,1,1,1
"DYNC2H1",1,1,1,1,1,1
"CIDEC",1,1,0.488874822334731,1,0.494987369322764,1
"DCC",1,1,1,1,1,1
"MAGI2",1,1,1,1,1,1
"COL4A1",1,1,1,1,1,1
"IFT140",1,1,1,1,1,1
"AGMO",1,1,0,0,0,0
"USP7",1,1,1,1,1,1
"NHLRC1",1,1,1,1,1,3.43641876487302
"TET3",1,1,1,1,1,1
"SAMD11",1,1,1,5.78330079778537,1,1
"ERC2",1,1,1,1,1,1
"OR2T27",1,1,1,1,0,0
"TMEM203",1,1,0.263193695651434,1,0.542124999445525,0.339346807869616
"SLC18A3",1,1,1,1,0.639178630318918,0.76901244627506
"THSD4",1,1,1,1,1,1
"GABRD",1,1,1,1,1,1
"FANCA",1,1.06834270065094,0,1,0,1
"SECISBP2",1,1,1,1,1,2.20793760149918
"SEMA4D",1,1,1,1,1,1
"FANCM",1,1,1,1,1,1
"P2RX2",1,1,1,1,1,0
"OR51I2",1,1,1,1,2.45049106041551,1
"TPRG1",1,1,1,1,1,1
"RTP5",25.4355743521426,1,1,1,1,1
"EYS",1,1,1.87499491448845,1,0.0703966568022176,0.0508375460845363
"OR2AG2",1,1,1,1,0,1
"AGRN",1,1,1,1,1,1
"ZNF626",1,1,1,1,1,1.26103376073237
"PRKAR1B",1,1,1,1,1,1
"TUBB4B",1,1,1,1,1,1
"CENPP",1,1,1,1,1,1
"GTF2F2",1,1,1,1,0.326929063382297,1
"FOCAD",1,1,0.104302627724881,1,1,1
"JAKMIP3",1,1,1,1,1,1
"PDCD1",25.4355743521426,1,1,1,1,1
"COL25A1",1,1,1.95758742756902,1,1,1
"HBA2",1,1,0,1,0,0
"NBR1",1,1,1,1,1,1
"OR2G6",1,1.32424373377538,1,1,0,0
"NKAIN2",1,1,0.385348638595289,0.526405625417946,1,0.00100846240677277
"CLN3",1,1.04617817448144,1,1,1,0.365148000846308
"RTL6",2.56368433854866,1,1,1,1,0
"DPYD",1,1,0.160047088222014,1,0.00311823609087443,2.16033605221644
"UROS",4.90833890321926,1,1,1,1,1
"SMIM15",1,1,1,1,1,0
"OSTN",1,1,1,1,1,1
"OPTC",1,1,1,1,1,0
"ZNF548",1,1,1,1,0.00877321183630515,1
"HMX2",1,1,1,1,1,0
"GJB3",1,1,1,1,1,1
"FAM120AOS",1,2.82278559973841,1,1,1,1
"ZNF292",1,1,1,1,1,1
"RELN",1,1,1,1,1,1
"ARID2",1,1,1,1,1,1
"FHIT",1,1,0,2.40689156028935,0,0
"GJB4",1,1,1,1,1,1
"OR2L13",1,1,0,1,0,0
"PTPRT",1,1,1,1,1,1
"OR5K4",1,1,1,1,1,0
"ZNF699",1,1,1,1,1,1
"HLA-DRB1",1,1,1,1,1,0.00867612444118378
"ACADSB",1,1,1,1,1,0.000118525900127835
"MPHOSPH8",1,1,1,1,1,1
"RYR1",1,1,1,1,1,1
"SRGAP3",1,1,1,1,1,1
"OR2T2",1,1,1,0,0,0
"OR2C3",1,1,1,1,0,0
"GRM7",1,1,1,1,1,1
"SUPT3H",1,1,1,1,0,1
"ATP2A1",366806.428978899,2.82278559973841,1,1,0.387479250994294,1
"ADH7",1,1,1,1,1,0
"CPNE4",1,1,1,1,1,1
"ELAVL3",1,1,1,1,1,1
"LONP1",1,1,1,1,1,1
"TRRAP",1,1,1,1,1,1
"PRTN3",1,1,1,1,5.88806207079942,1
"ZNF777",1,1,1,1,1,1
"ZNF775",2.56229714249467,1,1,1,1,1
"MYO18A",1,1,1,1,1,1
"MME",1,1,1,1,0.00470607322671182,1
"CACNA1H",1,1,1,1,1,1
"OR5AC2",1,1,1,1,1,0
"XRCC2",4.96698128400239,1,1,1,1,1
"MYO6",1,1,1,1,1,1
"ZNF846",1,1,1,1,1,1
"TCF4",1,1,1,1,1,1
"TRAPPC4",1,1,1,1,1,1
"SLC30A10",1,1,1,1,1,1
"TECPR2",1,1,1,1,1,1
"TOMM7",1,1,1,1,2.45049106041551,1
"TRPV1",1,1,1,1,0.159570441073737,1
"ZNF33B",1,1,1,1,1,2.67206490823903
"NF1",1,1,1,1,1,1
"HLA-DQA1",1,1,1,1,0.204307886163537,0.000818664823303982
"COL27A1",1,1,1,1,1,1
"SRGAP1",1,1,1,1,1,1
"OR2T4",1,1,1,1,0.00767608237239863,0.0305875966870422
"IGF2R",1,1,1,1,1,1
"DYNC1H1",1,1,1,1,1,1
"PCBP2",1,1,1,1,1,1
"ZNF785",1,3.78810876067057,1,1,0,1
"PSMD12",1,1,1,1,1,1
"SERPINA1",1,1,1,1,1,0
"SYNGAP1",1,1,1,1,1,1
"DDI2",1,1,1,1,1,1
"SVIL",1,1,1,1,1,1
"PELI1",1,1,1,1,1,1
"SLC22A5",1,1,0,1,0,1
"ADARB1",1,1,1,1,1,1
"HTT",1,1,1,1,1,1
"IPP",1,1,1,1,1,1.4541028345849
"OR13G1",1,1,1,1,0,0
"OGDHL",3.04578235399798,1,1,1,0.579903398959332,0.688588717443592
"SLC28A3",1,1,1,1,5.88806207079942,1
"OR6Y1",1,1,1,1,0,0
"ATG7",1,1,1,1,1,0.0305875966870422
"ELANE",1,1,1,1,2.39319781322774,1
"PIGN",1,1,1,0.178407668941489,1,1
"KCNMB2",1,1,1,1,1,1
"OR11L1",1,3.07714551491224,1,1,3.10086335626458e-06,0.0111850969809745
"ENPP1",1,1,1,1,1,1
"CPLANE1",1,421.511049086059,1,1,1,1
"MYH6",1,1,1,1,1,0.0855786207045598
"MPEG1",1,1,1,1,1,1
"SPTAN1",1,1,1,1,1,1
"LHFPL5",1,1,1,1,1,0
"ATAD3A",1,1,1,1,0.384846892115286,1
"OR5B17",1,1,1,1,1,1
"SLC9A8",1,1,1,1,0.333101327623643,1
"OCLN",1,1,0.470854400104053,2.00262811031177,0.22838775579418,0.0241720671675569
"GPAA1",1,2.82278559973841,1,1,1,1
"MYO1C",1,1.88841534712127,0.582609544126197,0.485439040113266,0.0669875267522314,0.703775093393802
"OR1S2",1,1,1,1,1,1
"SPG7",1,1,1,1,0,0
"OR5H2",1,1,1,1,1,0
"PLCG2",1,1,1,1,1,1
"ZNF121",1.86787853926878,1,1,1,1,1
"MPZL1",1,1,1,1,1.72834270601145,1
"ODAD3",1,1,1,0.0679432904871952,1,0.00471555196214192
"DLGAP2",1,1,1,1,1,1
"ZNF273",1,1,1,1,0,1
"AKR1B10",1,2.86240138730312,1,1,1,2.46535597414205
"ZBTB14",25.4355743521426,1,1,1,1,1
"CD2AP",1,1,1,1,1,1
"OR2T6",1,1,1,1,0,0
"SVIP",1,1,1,1,0,0
"OR5B21",1,1,1,1,1,1
"PEG3",1,1,1,1,1,1
"ASPH",1,1,1,1,1,0.121887686491796
"SPRED2",1,1,1,1,1,2.28901053889962
"UVRAG",1,1,1,1,1,1
"ZNF587",1,1,1,1,1,0
"TPM2",1,1,1,1,1.88127389452861,1
"RTP2",1,1,1,1,1,1
"ZNF808",1,1,1,1,2.45049106041551,1
"HLA-DRB5",1,1,1,1,1,0
"CNGA1",1,1,1,1,1,1.98776764750342
"PLN",1,1,1,1,1,0
"CTNND1",1,1,1,1,1,1
"SLC34A3",1,1,0,1,0,0
"LRBA",1,1,1,1,1,1
"ZNF536",1,1,1,1,1,1
"BAZ1A",1,1,1,1,1,1
"AKR1C4",1,1,1,1,0,1
"COPS8",1,1,1,1,1,1
"RYR2",1,1,1,1,1,1
"KLHL9",1,1,1,1,1,1
"TAT",4.40227244824083,1,1,1,1,1
"SKIC3",1,1,1,1,1,0.559281547624469
"PAPSS2",1,1,1,1,1,1
"ABCA4",1,1,1,1,1,1
"IPO9",1,1,1,1,1,1
"GPX6",1,1,1,1,1,0
"CEP290",1,1,0.0335265654132678,1,1,0.240522579731364
"TOGARAM1",1,1,1,1,1,1
"DLL1",1,1,1,1,1,1
"RCSD1",1,1,1,1,1,1
"TMEM184B",1,1,1,1,1,1
"MTOR",1,1,1,1,1,1
"SCAMP5",1,1,1,1,1,1
"CD247",1,1,1,1,1,1
"CHAMP1",1,1,1,1,1,1
"INPP5F",1,1,1,1,1,1
"RYR3",1,1,1,1,1,1
"CD3E",1,1,1,1,1,1
"SMC5",1,1,1,1,1,1
"CAPZA2",1,1,1,1,1,1
"RASGEF1A",1,1,1,1,1,1
"KIAA0753",1,1.34903894611649,1,1,1,0.0797038908685694
"NOS1AP",1,1,1,1,1,1
"APRT",1,2.594813278305,1,1,0,1
"NAGA",1,1,1,1,0,0
"RORB",1,1,1,1,1,1
"INF2",1,1,1,1,1,1
"GP1BB",1058284549333374592,173609873.10858,1,0,1,0
"COX20",1,1,1,1,0,0
"CHML",1,1,1,1,1,0.689310701183894
"STUM",1,1,0,1,0,1
"TATDN3",1,1,1,1,0.027476286721567,1
"FANK1",2.56368433854866,1,1,1,1,1
"PLPP4",1,1,1,1,0.000359318334404759,1
"HSD3B2",1,1,1,1,1,0
"RIPPLY2",1,1,1,1,1,5.92377961987063
"LIPN",1,1,1,1,1,1
"TRAF3IP1",2.53089810863831,1,1,1,0.262883143352575,1
"PHACTR4",1,1,0.325913172063501,1,0.576227264409676,1
"COL11A2",1,1,1,1,1,1
"COL5A2",1,1,1,1,1,1
"HLA-DRA",1,1,1,1,1,1
"BTNL2",1,1,1,1,1,2.46535597414205
"SDHD",1,3.58932688901666,1,1,1,1
"MBD5",1,1,1,1,1,1
"ABHD16A",1,1,1,1,1,1
"MICB",1,1,1,1,1,0.588188160136874
"ZNF551",1,1,1,1,1,0
"DHX16",1,1,0.398997100599944,1,1,1
"OR2J2",1,1,2.41415512565244,1,0,0
"RANBP17",1,1,0,2.40689156028935,1,1
"ATXN2",1,1,1,1,1,1
"TCTN1",1,1,1,1,0,1
"SPIRE2",1,1,0.118799686307662,1,0.0793640937234953,1
"OR5L2",1,1,1,1,196.267959774945,1
"TMEM231",1,1,1,0,0,0
"CDKL4",1,1,1,1,1,2.46535597414205
"SNX2",1,1,1,1,1,1
"OR6C3",1,1,1,1,0,1
"ADGRG1",1,1,1,1,1,1
"SLCO6A1",1,1,1,1,1,2.15397324781445
"INSYN1",25.4355743521426,1,1,1,1,1
"OR52E6",1,1,1,1,0,1
"OR52J3",1,1,1,1,2.45049106041551,1
"OR51A4",1,1,1,1,0,1
"LCMT1",1,1,1,1,1,1
"ITPRIPL2",4.53167320537015,1,1,1,1,1
"OLIG2",1,1.73830555648931e+34,1,1,1,1
"NYNRIN",1,1,1,1,1,1
"DNAJC19",1,1.69910927261208,1,1,1,1
"SMIM21",1,1,0,0,1,1
"DOK6",1,1,1,1,1,1
"HBA1",1,1,1,1,2.45049106041551,1
"ATP10A",1,1,1,1,1,1
"LRRC30",40.9403542664036,1,1,1,1,1
"OR5K3",1,1,1,1,1,0
"COLQ",1,1,1,1,0.0627274655583083,1
"DIO2",1,1,1,1,1,1
"NUP62",1,1,1,1,1,1
"DENND1B",1,1,1,1,1,1
"CRYGS",1,1,1,1,1,1
"KLHL23",1,1,1,1,1,0.740433757877065
"CSH2",1,1,0.147422434124753,1,1.03641169281354e-08,0.000239489529022709
"ARL2",1,1,1,1,0.364789184458286,0.218164586092749
"CPLX3",1,1,1,1,1,1
"TMX2",1,1,1,1,1,1
"HEXA",12.9986740591234,1,1,1,1,1
"ADAT3",1,1,1,1,2.45049106041551,1
"ZNF134",1,1,2.41415512565244,1,2.45049106041551,0
"DNASE1",1,1,1,1,0,0
"GALT",1,1,1,1,0.225920583383337,1
"HBG1",1,1,1,1,1,0.000111756492280329
"CLDN9",1,1,1,1,1,0
"ITGA1",1,1,1,1,0.513153709893865,1
"NAXD",2.53089810863831,1,1,1,1,4.1051545614869
"REPIN1",1,1,1,1,1,1
"ARL16",1,1,1,1,1,1
"PRCD",1,1,1,1,1,1
"ALG3",1,1,1,1,1,1
"GNAT3",1,1,1,1,0.3039704216465,1
"EML6",1,1,1,1,1,1
"ZSWIM7",1,1,1,1,1,1
"NEURL4",1,1,1,1,1,1
"MYL5",1,2.82278559973841,1,1,1,1
"ZNF407",1,1,1,1,1,1
"HMX1",1,1,1,1,1,1
"GCGR",1,1.17392391001625,1,1,1,1
"TMEM242",1,1,1,1,1,1
"TNFRSF25",1,1,1,1,1,1
"CYB5RL",1,1,0.197351164351537,1,1,1
"TENM3",1,1,1,1,1,1
"EBF2",1,1,1,1,1,1
"PLXNA4",1,1,1,1,1,1
"OR1C1",1,1,1,1,0,0
"OR4C12",1,1,1,1,1,0
"OR4E2",1,1,1,1,1,0
"C1QTNF5",1,1,1,1,1,1
"NDUFAF8",1,1,1,1,1,1
"PLEKHM1",1,1,1,1,1,1
"OR6V1",1,1,1,1,0,1
"ERCC6",1,1,1,1,0.429653605838318,0.462820495852498
"DHFR",1,1,1,1,0.317690476358091,1
"ZNF688",1,1,1,1,1,1
"OR5H6",1,1,1,1,1,0
"PRB4",1,1,1,1,1,0
"OR5H1",1,1,1,1,1,0
"HLA-DPA1",1,1,1,1,0,1
"CYP21A2",1,1,0.223595408773089,0.519048853173872,0.0488693201362699,0.00653644644329924
"OR5K2",1,1,1,1,1,0
"OR5K1",1,1,1,1,0,0
"HLA-DQB2",1,1,1,1,1,3.09875225124777
"OR5H15",1,1,1,1,1,0
"TWIST2",25.4355743521426,1,1,1,1,1
"RPS28",1,1,0.0808994035004287,1,1,0.286902683734099
"APOC2",1,1,1,1,1,1
"MFRP",1,1,1,1,1,1
"OR5H14",1,1,1,1,1,0
"ARHGEF38",1,1,1,0.661368334036835,2.05420924299832,0.673288413462101
"OR4A47",1,1,1,1,0,0
"HLA-DQA2",1,1,1,1,0,0
"OR2W3",1,2.82278559973841,1,1,0,0
"ADSL",1,1,1,1,12.0202242334591,0.00840337115388948
"TNFRSF13B",2.53089810863831,25.8531398050805,1,1,1,1
"PLCXD2",1,1,1,1,0,0
"HLA-DOB",1,1,1,1,1,5.92377961987063
"PWP2",1,1,1,1,1,1
"PI4KA",1,1,1,1,1,1
"AMACR",1,1,1,1,1.72645666521657,1
"CNTF",1,1,1,1,1,1
"STRC",1,1,0.0311697603385707,0.741533359077713,0.0051837379161775,1.39625066748501
"NAA80",1,1,1,1,1,1
"APOBEC3D",1,1,1,1,0,0
"ACY1",1,1,1,1,1,1
"NFS1",1,1,1,1,1,1
"RBM12",1,1,1,1,1,1
"APOBEC3C",1,1,1,1,1,0.305749316462542
"OR2AE1",1,1,1,2.40689156028935,1,1
"PGAM5",1,1,1,1,1,0
"INSL3",1,1,1,1,2.45049106041551,1
"TMEM150C",1,1,1,1,1,1
"PDCD6",3.56486755771379,1,0.233218404695839,1,1,0.302573995416944
"CHCHD10",1,2.82278559973841,2.41415512565244,1,2.45049106041551,0
"GLI4",1,2.82278559973841,1,1,1,0.249660650583021
"SHANK3",1,1,1,1,1,1
"ZNF550",1,1,1,1,1,0
"PRKDC",1,1,1,1,1,1
"OR4D10",1,1,1,1,1,0
"MAGEL2",1,1,1,1,1,1
"INS",1,1,0.00810560494148002,1,1,1
"RTL1",1,1,1,1,1,1
"OR5M10",1,1,1,1,0,1
"OR52B2",1,1,1,1,0,0
"DNAAF4",1,1,1,1,0.0514782899929364,1
"ZNF486",1,1,1,1,0,2.46535597414205
"HMBS",1,1,1,1,1,1
"CAPNS2",1,1,1,1,1,1
"GPR142",1,1,1,1,1,0
"GATC",1,1,1,0,1,0
"CNPY2",1,1,1,1,1,0.35713656673238
"RTEL1",1,1,1,1,1,1
"ZNF578",1,1,1,1,5.88806207079942,0
"OR4C13",1,1,1,1,1,0
"MC1R",1,1,1,1,1,0
"TUBB3",1,1,1,1,1,1
"GAN",1,1,1,1,1,1
"MRPL12",1,1,1,1,1,1
"STRADA",1,1,1,1,0.786528843439254,0.418804256028437
"ZIM2",1,2.89877080423466,1,1,1,0.376433581739851
"UGT2A2",1,1,1,1,0,1
"GRIN2B",1,1,1,1,1,1
